date,title,txt
2021-10-24,"""히트송 하나 사서 연금처럼 받자""…음악저작권 사들이는 기업들","


 음악 저작권이 인수·합병(M&A;) 시장의 뜨거운 키워드로 떠오르고 있다. 한국 드라마와 영화의 세계적 영향력이 나날이 강해지며 K팝 활용도가 다양해지기 때문인 것으로 풀이된다. 기업들은 음악저작권을 보유한 회사를 연매출의 10배 기업가치로 사들이는 등 치열한 경쟁을 펼치고 있다.24일 투자은행(IB) 업계에 따르면 음악저작권 거래 플랫폼인 뮤직카우는 국내 증시 상장을 위해 최근 미래에셋증권을 주관사로 선정했다. 뮤직카우는 내년 하반기 또는 2023년 국내 증시 입성을 목표로 삼는 것으로 알려졌다. 증권가 일각에서는 뮤직카우가 상장한 후 조 단위 기업가치를 지닐 것으로 본다. 이 회사가 중소벤처기업부 예비 유니콘으로 선정되며 1000억원 이상 기업가치를 인정받은 게 지난 7월임을 감안하면 빠른 속도로 몸값이 오르고 있다는 평가다.뮤직카우는 음악저작권 거래 플랫폼을 통해 작곡가와 작사가에게서 저작권을 인수하고 음악기획사에서는 저작인접권을 사들인다. 이후 일부는 보유하고 일부는 플랫폼에 상장시킨다. 회원들은 상장된 저작권을 주식처럼 사들여 저작권료를 받거나 타인에게 매도해 차익을 실현할 수 있다. 지난달 기준 누적 가입자는 71만명을 넘는다고 한다. 플랫폼을 통한 누적 거래액은 올해 들어 9월까지 2464억원을 넘겨 지난해 9월 313억여 원 대비 7배 이상 증가했다.googletag.display(""google_dfp_MC_2x1,fluid"");FT아일랜드 씨엔블루 SF9 설현 등 인기 가수가 소속된 FNC엔터테인먼트는 자회사 FNC인베스트먼트를 통해 저작인접권을 사들이고 있다. 지난 3월 냠냠엔터테인먼트에 150억원을 주고 음원 372곡에 대한 저작인접권을 확보한 이래 추가 인수 기회를 물색 중이다. FNC인베스트먼트가 저작인접권을 매입한 음원에는 '호텔 델루나' 삽입곡인 태연의 '그대라는 시'와 엑소-첸백시의 '너를 위해' 등이 들어 있다. FNC인베스트먼트 관계자는 ""FNC는 자사 소속 아티스트의 저작인접권은 물론 유명 외부 아티스트의 음악 권리를 추가로 취득해 매년 안정적인 수입원을 만들 것""이라고 기대했다.백지영 '사랑 안 해'와 윤미래 '시간이 흐른 뒤' 등 히트곡을 작곡한 박근태 씨는 본인이 설립한 비욘드뮤직을 통한 과감한 M&A;로 주목받았다. 올 상반기 투자사 베이스인베스트먼트와 컨소시엄을 맺어 LF그룹 음원 유통 자회사 케이앤씨뮤직을 440억원에 인수한 것이다. 케이앤씨뮤직 연간 영업수익이 30억~40억원임을 감안하면 연매출 대비 10배로 기업가치를 인정해준 셈이다. 음악 저작권과 저작인접권 시장이 커지는 이유는 나날이 고도화하는 금융 기법에 있다. 과거 창작자나 음악기획사는 음원을 통해 현금 흐름을 만들면서도 이를 활용해 목돈을 마련할 방법이 마땅치 않았다. 한 엔터테인먼트 업계 관계자는 ""이제 저작권·저작인접권의 미래 현금 흐름을 현재가치로 환산해 인수해주는 기업이 나타나면서 창작자와 음악기획사가 다양한 기회를 모색할 수 있게 됐다""고 설명했다. 일반적으로 저작권 가치는 최근 5년간 연간 저작권료 수입 평균을 산출해 이의 5~10배 수준으로 산정한다. 작곡가가 특정 노래 저작권으로 5년 동안 올린 수입의 연평균 수치가 1억원이라면 5억~10억원의 가치를 인정받을 수 있는 것이다.K팝과 한국 드라마·영화의 인기가 세계적으로 뜨거워지면서 음악 저작권 가치는 더욱 가파르게 오를 전망이다. 드라마 '이태원클라쓰'에 수록된 방탄소년단(BTS) 뷔의 자작곡 '스위트 나이트(Sweet Night)'는 지난 21일 음원 서비스 업체 스포티파이에서 스트리밍 1억6900만건을 돌파하며 한국 OST 최고 기록을 세웠다.googletag.display(""google_dfp_MC_250x250""); 이런 가운데 블랙스톤과 콜버그크래비스로버츠(KKR), 아폴로 등 기업 경영권 인수 투자에 집중하던 세계적 사모투자펀드(PEF) 운용사도 최근 음악 저작권 시장 성장성에 베팅하는 추세다. 실제 KKR는 패밀리 오피스인 던디파트너스와 함께 코발트캐피털이 갖고 있는 음악 저작권 포트폴리오를 약 11억달러(약 1조2900억원)에 사들였다.블랙스톤도 최근 음악 판권 투자업체 힙노시스를 통해 관련 사업에 10억달러(약 1조1800억원)를 투자했다. [김인오 기자 / 박창영 기자][ⓒ 매일경제 & mk.co.kr, 무단전재 및 재배포 금지]
        
					
window.jQuery || document.write(""<script src='//common.mk.co.kr/common/include/mklib/jquery.js'>"")

"
2021-10-24,테슬라 사상 최고가 경신…'천슬라' 눈앞,"일론 머스크가 이끄는 미국 전기차 업체 테슬라 주가가 9개월 만에 900달러를 넘어서는 동시에 사상 최고치를 갈아치웠다. 반도체 칩 공급난에도 지난 3분기 역대 최고 실적을 낸 데 대한 시장 반응으로 해석된다. 국내외에서는 이 같은 분위기가 이어져 곧 '천슬라(1000달러+테슬라)'도 눈앞에 뒀다는 분석을 내놓고 있다. 테슬라는 한국인 투자자들이 가장 많이 보유한 해외 주식이기도 해 앞으로 주가 행보에 관심이 모인다.테슬라 주가는 지난 22일(현지시간) 미국 뉴욕 증시에서 장중 910달러까지 오르며 52주 신고가를 기록했다. 테슬라는 전날 대비 1.75% 오른 909.68달러로 장을 마쳤다. 다우존스 마켓데이터에 따르면 테슬라의 종전 최고가는 지난 1월 25일 작성된 900.4달러였다. 9개월 만에 '900슬라' 고지를 되찾은 셈이다.주가가 가파른 상승세를 보이며 테슬라 시가총액도 9000억달러를 돌파했다. 이날 종가 기준 시총은 9005억9700만달러(약 1059조원)였다. 한화 기준으로 가치 1000조원을 넘는 기업 반열에 오른 것이다. 블룸버그는 ""테슬라 주가가 사상 최고치를 경신하며 시장가치 1조달러를 향한 일류 기업에 한 발 더 다가섰다""고 보도했다.googletag.display(""google_dfp_MC_2x1,fluid"");테슬라 주가는 올해 들어 약 28% 올랐다. 이는 같은 기간 스탠더드앤드푸어스(S&P;)500지수 상승률 21%를 뛰어넘는다. 테슬라는 반도체 칩 공급난에도 지난 3분기 16억2000만달러(약 1조9051억원) 순이익을 내며 역대 최고 실적을 달성했다. 테슬라의 고공행진은 서학개미에게도 희소식으로 보인다. 테슬라는 현재 국내 투자자들이 가장 많이 보유한 해외 주식이다. 한국예탁결제원 증권정보포털 세이브로에 따르면 국내 투자자의 테슬라 주식 보관 규모는 지난 22일 기준 총 115억7352만달러(약 13조6104억원)에 달한다. 보관 규모 2위인 애플(41억3509만달러)보다 3배 가까이 많다.googletag.display(""google_dfp_MC_250x250""); 월가에서도 테슬라 수익과 주가 전망치를 상향 조정했다. 게리 블랙 퓨처펀드 매니저는 ""월가 애널리스트들이 평가하는 테슬라 수익 추정치가 상승하고 있다""며 내년에 주가가 1000달러를 넘을 것으로 전망했다.한편 테슬라는 주가 900달러를 회복한 직후 주요 모델 가격을 2000~5000달러 인상했다. 23일 로이터통신에 따르면 테슬라는 이날 자사 웹사이트에서 모델X 롱레인지와 모델S 롱레인지 가격을 10만4990달러와 9만4990달러로 각각 5000달러 올린다고 밝혔다. 모델Y 롱레인지와 모델3 스탠더드 레인지 플러스 가격도 5만6990달러와 4만3990달러로 2000달러씩 올렸다. [김명환 기자][ⓒ 매일경제 & mk.co.kr, 무단전재 및 재배포 금지]
        
					
window.jQuery || document.write(""<script src='//common.mk.co.kr/common/include/mklib/jquery.js'>"")

"
2021-10-24,일주일새 1천억…메타버스ETF에 꽂힌 개미,"


 개인 투자자들이 지난 13일 거래소에 상장된 메타버스 관련 상장지수펀드(ETF)를 집중 매수한 것으로 나타났다. 개인 투자자들은 메타버스 ETF를 상장 이후 최근까지 1000억원 넘게 사들였는데, 이 기간 일부 메타버스 ETF는 15% 이상 상승하면서 투자자들 기대에 부응하는 모습이었다.24일 한국거래소 따르면 이달 13~22일 8거래일간 개인 투자자들은 타이거(TIGER) Fn메타버스 ETF와 코덱스(KODEX) K-메타버스액티브 ETF를 각각 551억원, 462억원가량 순매수한 것으로 나타났다. 개인 투자자들은 또 다른 메타버스 ETF인 KBSTAR iSelect메타버스를 34억원, 하나로(HANARO) Fn K-메타버스MZ를 19억원 순매수했다. 상장 이후 메타버스 ETF 4종의 개인 순매수액만 1066억원에 이른다.개인 투자자들이 가장 많이 사들인 타이거 Fn메타버스 ETF는 상장 이후 상승률이 14.8%에 이른다. 해당 ETF는 JYP Ent.(엔터), 하이브, 와이지엔터테인먼트 등 엔터주 편입 비중이 높다. 네이버·카카오 등 플랫폼 관련 기업도 함께 담고 있다. 편입 비중이 가장 높은 JYP엔터는 지난 13~22일 주가가 21.8% 상승했다.googletag.display(""google_dfp_MC_2x1,fluid"");삼성증권은 올 3분기 JYP엔터의 매출액과 영업이익이 각각 538억원, 193억원을 기록해 전년 동기 대비 55%, 74%가량 상승할 것으로 내다봤다. 최민하 삼성증권 연구원은 ""소속 아티스트 인지도가 높아짐에 따라 디지털 콘텐츠 매출도 증가세를 보이고 있다""면서 ""올 3분기에 발매된 스트레이 키즈의 정규 2집이 120만장 이상 판매되며 강력한 팬덤을 시장에 보여주고 있다""고 설명했다.코덱스 K-메타버스액티브 ETF는 상장된 메타버스 ETF 가운데 유일한 액티브 ETF로 펀드매니저 재량이 큰 것이 특징이다. 이 ETF는 게임주 비중이 상대적으로 높다. 편입 비중이 가장 큰 종목은 하이브이지만 펄어비스, 위메이드, 크래프톤 등 게임 관련주가 상위 종목 자리를 지키고 있다. 코덱스 K-메타버스액티브 ETF 역시 상장 이후 17% 가까이 가격이 올랐다.개인 투자자들은 지난달 30일 상장한 탄소배출권 선물 ETF 4종도 꾸준히 순매수하고 있는 것으로 나타났다. 투자가 가능한 탄소배출권 ETF는 미국에 상장된 '크레인셰어스 글로벌 탄소 ETF(KRBN)'가 유일했지만, 이번 상장을 통해 한국에서도 쉽게 투자할 수 있는 길이 열리며 개인 투자자금이 몰린 것으로 풀이된다.googletag.display(""google_dfp_MC_250x250""); 개인 투자자들은 코덱스 유럽탄소배출권선물 ETF를 상장 이후 215억원어치 순매수한 것으로 집계됐다. 하나로 글로벌탄소배출권선물 ETF는 19억원, 쏠(SOL) 글로벌탄소배출권선물 ETF와 쏠 유럽탄소배출권선물S&P; ETF는 각각 94억원, 29억원 순매수했다.다만 탄소배출권 ETF 주가는 상장 첫날 1%대 상승세를 보이며 출발했지만 이달 들어 주춤하고 있다. 코덱스 유럽탄소배출권선물 ETF는 상장 이후 최근까지 5% 이상 하락했다. 이달 들어 러시아가 천연가스 공급 확대를 언급하면서 천연가스 가격이 하락세를 보인 것이 영향을 미친 것으로 풀이된다. 천연가스 가격이 떨어지면 천연가스 수요가 늘고 석탄 수요가 줄기 때문에 탄소배출권 가격 하락으로 이어진다. [김정범 기자 / 신화 기자][ⓒ 매일경제 & mk.co.kr, 무단전재 및 재배포 금지]
        
					
window.jQuery || document.write(""<script src='//common.mk.co.kr/common/include/mklib/jquery.js'>"")

"
2021-10-24,'긴축·인플레 공포' 전통자산은 안갯속…대체투자 큰손에 길묻다,"



▶ 여기를 누르시면 크게 보실 수 있습니다
 코로나19 사태의 먹구름이 완전히 걷히기도 전에 전 세계 자금 긴축과 인플레이션(물가 상승) 공포가 세계 경제에 밀려들면서 금융시장이 새로운 변곡점을 맞고 있다. 시장 전문가들은 ""주식·채권 등 전통 자산만으로 돈이 벌리던 시기는 끝났다""며 ""인프라스트럭처, 부동산, 사모투자펀드(PEF) 등 대체투자에 더 많은 관심을 가져야 할 때""라고 입을 모았다.


 코로나19 이후를 준비 중인 대체투자 시장의 화두는 '인플레이션'과 '기업 경영권 인수(바이아웃) 거래'다. 대체투자 전문기관인 프레킨에 따르면 원자재 가격 급등으로 인한 인플레이션 흐름이 이어지면서 올해 1분기를 기점으로 전 세계 비상장 천연자원 시장 운용자산(AUM)이 사상 첫 1조달러(약 1175조원)를 돌파했다. 이런 가운데 코로나19 이후 산업별 대규모 구조조정이 진행되면서 '바이아웃 딜'과 관련된 대체투자 시장도 빠르게 성장하고 있다. 올해 3월 기준 바이아웃에 중점을 둔 PEF 연 수익률은 45%를 기록 중인 것으로 나타났다.매일경제신문과 주한유럽상공회의소(ECCK)는 전 세계 백신 보급 확산에 따라 기대감이 높아지고 있는 포스트 코로나 시대 대체투자 전략 모색을 위해 국내외 대체투자 큰손들을 초대해 다음달 9일 포시즌스호텔 서울에서 글로벌대체투자콘퍼런스(GAII 2021)를 개최한다. 콘퍼런스의 주제는 '코로나19 팬데믹 이후 대체투자'로, 투자 격변기 대체투자 환경 변화와 대응 방안을 다룰 예정이다. 주최 기관을 대표해 장대환 매경미디어그룹 회장과 디어크 루카트 ECCK 회장이 환영사로 개막을 알린다. 김용진 국민연금공단(NPS) 이사장과 진승호 한국투자공사(KIC) 사장이 축사를 곁들인 새로운 투자 비전을 참석자들과 나눈다.googletag.display(""google_dfp_MC_2x1,fluid"");기조연설자로 세계 3대 PEF 운용사인 칼라일의 피터 클레어 글로벌 사모주식(PE)부문 최고투자책임자(CIO)가 나서 '글로벌 사모펀드 현황'에 대해 이야기할 예정이다. 클레어 CIO는 미국 기업 경영권 인수팀의 공동대표를 역임한 대체투자 전문가로, 그간 쌓아온 시장에 대한 통찰력과 혜안을 보여줄 것으로 기대된다.


기조연설 이후 이어질 오전 첫 세션에선 부동산 부문의 팬데믹 이후 투자 전략을 다룬다. 발표자로 나서는 마크 제이컵스 오크트리 전무는 해외 투자시장에서의 성공과 실패 사례를 참석자들과 나누는 한편 코로나19 이후 펼쳐질 전 세계 부동산 시장에서의 기회에 대해 다룰 예정이다. 다니엘 윤 EMP벨스타 설립자 겸 파트너도 냉온 물류창고를 중심으로 유통, 전자상거래, 코로나19 백신 등과 얽힌 물류창고 시장의 성장 과정과 향후 시장 전망을 조명한다. 오전 두 번째 세션인 인프라투자전략 부문에서는 금리와 물가 인상기 투자 전략에 대한 해법을 나눈다. 베레나 림 맥쿼리아시아인프라펀드 전무는 아시아·태평양 지역을 포함한 각국 정부가 인프라스트럭처 개발에 대거 나서면서 민간 자본이 얻을 수 있는 기회 요인을 소개한다. 에드워드 윈터 블랙록 글로벌에너지 및 전력인프라팀 전무는 신재생에너지로의 에너지 패러다임 전환 과정에서 나타날 전력 인프라 투자 기회 등에 대해 다룰 예정이다.googletag.display(""google_dfp_MC_250x250""); 오후 첫 세션에서는 전 세계 금융시장에서 화두가 되고 있는 ESG(환경·책임·투명경영) 투자에 대해 논의 한다. 케빈 앤더슨 SSGA 아·태 투자책임자는 ESG 투자 시 주의사항과 ESG 평가지표를 이용한 투자 방안을 제시한다. 벤지 람 노던트러스트자산운용 일본 외 아시아 총괄은 ESG 투자 성과를 높일 수 있는 다양한 해법을 나눌 예정이다. 마지막 세션인 사모주식(PE)·사모대출(PD) 세션에선 위르겐 디그루버 파트너스그룹 파트너, 지아 우딘 먼로캐피털 파트너, 안드레아스 헬만 LGT캐피털파트너스 파트너가 각각 PEF 시장과 사모대출펀드(PDF) 시장에서 발견할 수 있는 팬데믹 이후 투자 기회를 참석자들에게 밝힐 예정이다.행사 참가자 등록은 11월 7일 밤 11시 59분까지 가능하다. 정부의 사회적 거리 두기 지침에 따라 현장 참석 인원은 변경될 수 있다. 현장 참여가 어려운 참석 희망자들은 온라인으로 콘퍼런스 현장 생중계를 시청할 수 있다. 문의 사항은 GAII2021 홈페이지 또는 전화로 문의하면 된다.  [강두순 기자 / 안갑성 기자][ⓒ 매일경제 & mk.co.kr, 무단전재 및 재배포 금지]
        
					
window.jQuery || document.write(""<script src='//common.mk.co.kr/common/include/mklib/jquery.js'>"")

"
2021-10-24,"""비상장주식 중개하겠다"" 거래 플랫폼 신청 봇물","


 올해 기업공개(IPO)가 활발하고 공모주시장이 달아오르면서 개인 투자자들의 비상장 주식 장외거래도 급증하고 있다. 특히, 20·30대 MZ세대 참여가 활발해 눈길을 끈다. 애플리케이션(앱)만 깔면 거래가 가능하고, 과거처럼 사기를 당할 우려도 크게 낮아졌기 때문이라는 분석이다. 공모주 청약을 해도 1주밖에 못 받기 때문에 미리 좋은 종목을 선점해 수익을 극대화하기 위해서라는 평가도 나온다.24일 금융투자업계 등에 따르면 최근 금융위원회에 비상장 주식 거래 플랫폼 서비스를 하겠다며 9개 업체가 혁신금융서비스 지정 신청을 했다. 혁신금융서비스로 지정 받으면 금융투자업 인가가 면제된다. 금융위는 지난해 4월 피에스엑스(서울거래소 비상장)와 두나무(증권플러스 비상장) 등 2곳이 비상장 주식 거래 플랫폼 사업을 할 수 있게 허가했다. 핀테크 업체가 줄을 길게 늘어선 건 비상장 주식 거래가 급증하고 있기 때문이다. 금융투자협회가 운영하는 준공공 성격 K-OTC의 경우 2017년 하루 평균 거래대금이 10억9000만원이었지만 올 상반기에 64억7000만원으로 약 6배 증가했다. 이환태 금투협 시장관리본부 부장은 ""개설 이후 지난 22일까지 누적거래대금은 4조9565억원으로 5조원 돌파를 앞둘 정도로 성장세가 가파르다""고 밝혔다.지난해 12월 문을 연 서울거래소 비상장의 경우 비바리퍼블리카(토스), 야놀자, 케이뱅크, 컬리, 오아시스 등 상장이 임박했고 젊은 세대에게 인기가 있는 기업이 많다. 이에 지난달 말 기준으로 20·30대 회원 비중이 전체의 절반에 가까운 47%에 이른다. 한 달 동안 최소 1회 이상 앱에 접속한 회원(월간활성화이용자·MAU)도 올해 초 10만명에서 지난달 말 29만명으로 3배 급증했다.  [문지웅 기자][ⓒ 매일경제 & mk.co.kr, 무단전재 및 재배포 금지]
        
					
window.jQuery || document.write(""<script src='//common.mk.co.kr/common/include/mklib/jquery.js'>"")

"
2021-10-24,'제품가격 인상수혜 기대' 식음료株 들썩,"올해 7월 이후 주요 음식료 업체가 제품 가격 인상 계획을 밝힌 가운데 음식료주가 가격 인상 기대감에 반등하며 시장 주목을 받고 있다. 오리온은 이달 들어 22일 기준 6.81% 오른 12만5500원에 마감했다. 같은 기간 농심은 3.19% 올랐고, 오뚜기는 1.42% 내렸다. 롯데칠성은 8.47% 상승했다. 음식료주를 주목해야 한다는 의견이 나오는 것은 제품 가격 인상을 통해 원자재 가격 상승에 대한 부담은 줄어들고 오히려 본격적인 수혜가 예상되기 때문이다. 특히 정부가 다음달부터 단계적 일상 회복으로의 전환을 검토하고 있어 '위드 코로나'와 '경기 재개(리오프닝)'의 혜택을 동시에 누릴 수 있다는 평가가 나온다. 박은정 유안타증권 연구원은 ""4분기부터는 위드 코로나와 리오프닝의 모멘텀(상승 동력)이 강화될 전망""이라며 ""판매 가격 상승 수혜가 예상되는 필수 소비재에 대한 선호도가 사치재 대비 다시 매력이 높아지는 시기""라고 평가했다.금융투자 업계에서는 제품 가격 인상을 밝힌 음식료주의 실적이 4분기부터 본격적으로 나아질 것으로 보고 있다. 박 연구원은 ""판매 가격 인상분은 4분기부터 점진적으로 반영돼 기업 부담이 완화될 것""이라고 내다봤다.[강봉진 기자][ⓒ 매일경제 & mk.co.kr, 무단전재 및 재배포 금지]
        
					
window.jQuery || document.write(""<script src='//common.mk.co.kr/common/include/mklib/jquery.js'>"")

"
2021-10-24,금리상승세에…A급 회사채도 수요미달 속출,"


 풍부한 시장 유동성에도 회사채 발행 시장에서 미달(미매각) 사례가 잇따르고 있다. 금리 상승세에 기관들의 투자 심리가 얼어붙었기 때문이다. 신용도 A급인 기업조차 수요예측에서 고전하는 분위기다. 24일 투자은행(IB) 업계에 따르면 이달 이후 회사채 발행에 나선 A급 기업 중 5곳이 수요예측에서 미매각 물량이 쌓이며 흥행에 실패했다. 미매각이란 기관투자자 수요예측에서 모집액만큼의 매수 주문을 확보하지 못한 것을 말한다. 통상 주관사단이 미달 물량을 나눠서 인수하는 편이다.미매각 행렬이 시작된 건 전달 수요예측을 진행한 코리아세븐(신용도 A+)과 풀무원식품(A-)부터였다. 두 회사 모두 만기 5년짜리 회사채를 500억원어치 모집했는데 각각 400억원, 320억원 규모의 물량이 미매각됐다. 디티알오토모티브(A0)도 1500억원을 모집했으나 투자자들의 매수 주문은 모집액의 72%에 그쳤다. googletag.display(""google_dfp_MC_2x1,fluid"");코리아세븐과 풀무원식품은 기관들의 선호도가 낮은 5년물을 발행했고, 디티알오토모티브는 두산공작기계 인수에 따른 부담에 대한 시장의 우려가 반영된 결과다.이달 들어선 A급 기업들의 미매각 빈도가 높아졌다. 500억원을 모집했던 더블유게임즈에 들어온 주문액은 70억원에 불과했다. 1년 내 등급 상승 가능성이 높은 HK이노엔(A-)뿐 아니라 우리종합금융(A0)도 각각 2년물, 1.5년물에서 미달을 남겼다. '찍기만 하면 완판'이란 말이 심심치 않게 돌았던 상반기와 비교하면 온도 차가 커진 것이다.이 같은 달라진 분위기에 대해 시장에선 금리 상승 국면에서 연기금, 공제회, 보험사 등 큰손 투자자들이 움츠러들었기 때문으로 보고 있다.금융투자협회에 따르면 22일 오후 기준 국고채 3년물 금리는 연 1.889%로 나타났다. 20일엔 2018년 12월 이후 약 3년 만에 1.9%대에 진입하기도 했다. 금리가 상승하면 채권 가치는 하락해, 기관이 들고 있는 채권의 평가 손실이 커진다. 채권 투자 수요 자체가 줄어들 수밖에 없는 것이다. googletag.display(""google_dfp_MC_250x250""); 한국은행이 연내에 기준금리를 한 차례 더 올릴 여지를 남겨둔 점도 기관들을 머뭇거리게 만들고 있다는 분석이다. 일각에선 11월 이후 A급 회사채가 시장에서 자취를 감출 것이라 전망하기도 한다. 수요를 넉넉히 확보해 조달 비용을 낮추기 어렵다면, 기업 입장에서도 무리하게 발행할 필요가 없다는 판단에서다.대기업 자금담당자는 ""금리가 지나치게 튀어 수요예측을 통해 금리 절감이 어렵게 된 상황""이라며 ""기관들도 소극적인 분위기라 내년 초로 발행을 미루는 것을 검토 중""이라고 말했다. [강우석 기자][ⓒ 매일경제 & mk.co.kr, 무단전재 및 재배포 금지]
        
					
window.jQuery || document.write(""<script src='//common.mk.co.kr/common/include/mklib/jquery.js'>"")

"
2021-10-24,냉랭한 공모주 시장…2차전지만 '훈풍',"최근 지지부진한 증시 분위기 속에 공모주 시장도 얼어붙고 있지만 2차전지 관련주들은 시장 평균 이상의 인기를 누리며 선방하는 모습이다. 증시를 주도하는 산업이었던 반도체와 플랫폼에 대한 불확실성이 커지면서 내년 초까지도 업황이 긍정적으로 점쳐지는 사실상 유일한 산업이 2차전지이기 때문이란 분석이다. 24일 금융투자 업계에 따르면 9월부터 지난 22일까지 상장을 위한 수요예측을 진행한 기업 중 경쟁률이 올해 평균 경쟁률 1260대1을 넘은 기업은 현대중공업, 원준, 아스플로, 씨유테크, 지아이텍, 엔켐, 카카오페이 등 7곳이다. 이 중 3곳이 2차전지 관련주로 원준은 1464대1, 지아이텍은 2068대1, 엔켐은 1647대1의 높은 경쟁률을 기록했다. 나머지 기업은 중공업, 반도체, 금융업 등 다양한 산업군에 포진해 있다. 최근 공모주 시장은 높은 성장세와 시장점유율을 기록 중인 기업조차 아쉬운 수요예측 결과를 거둘 정도로 투심이 잦아든 상황이다. 부동산 권리조사 기업인 리파인과 화장품 브랜드 '롬앤'을 보유한 아이패밀리에스씨는 3년 평균 영업이익 성장률이 각각 178%와 138%를 기록했지만 수요예측서는 아쉬운 결과를 보였다. [강인선 기자][ⓒ 매일경제 & mk.co.kr, 무단전재 및 재배포 금지]
        
					
window.jQuery || document.write(""<script src='//common.mk.co.kr/common/include/mklib/jquery.js'>"")

"
2021-10-24,선미가 좋다는 이 회사…기업가치가 1조원이라고?,"음악저작권이 인수합병(M&A;) 시장 핫키워드로 떠오르고 있다. 한국 드라마, 영화의 세계적 영향력이 나날이 강해지며 K팝의 활용도가 다양해지기 때문인 것으로 풀이된다. 기업들은 음악저작권을 보유한 회사를 연매출의 10배 기업가치로 사들이는 등 치열한 경쟁을 펼치고 있다. ◆ 주식처럼 저작권 사고파는 뮤직카우, 이르면 내년 상장


음악 저작권을 플랫폼을 통해 주식처럼 사고파는 `뮤직카우`는 이르면 내년 상장할 것으로 알려졌다.<사진 제공=뮤직카우>
24일 투자은행(IB) 업계에 따르면 최근 뮤직카우는 국내 증시 상장을 위해 미래에셋증권을 주관사로 선정했다. 뮤직카우는 내년 하반기 또는 2023년 국내 증시 입성을 목표로 삼는 것으로 알려졌다. 증권가 일각에서는 뮤직카우가 상장 후 조단위 기업가치를 가질 것으로 본다. 이 회사가 중소벤처기업부 예비유니콘으로 선정되며 1000억원 이상 기업 가치를 인정 받은 게 지난 7월임을 감안하면 빠른 속도로 몸값이 오르고 있다는 평가다. 


뮤직카우 회원은 음악 저작권을 사들여 매월 저작권 수입을 얻거나 다른 사람에게 팔아 차익을 실현할 수 있다. <사진 제공=뮤직카우>
뮤직카우는 음악 저작권 거래 플랫폼이다. 작곡가와 작사가에게 저작권을 인수하고, 음악 기획사에서는 저작인접권을 사들인다. 이후 일부는 보유하고, 일부는 플랫폼에 상장시킨다. 회원들은 상장된 저작권을 주식처럼 사들여, 매달 저작권료를 받거나, 타인에게 매도해 차익을 실현할 수 있다. 지난달 기준 누적 가입자 수는 71만 명을 넘는다고 한다. 플랫폼을 통한 누적거래액은 올해 들어 9월까지 2464억원을 넘겨 지난해 동기 313억여원 대비 7배 이상 증가했다.◆ FT아일랜드 소속사는 태연 노래 등 저작인접권 매입


올해 초 FNC엔터테인먼트 자회사 FNC인베스트먼트는 태연 `그대라는 시` 등 372곡의 저작인접권을 150억원에 확보했다. <사진 제공=SM엔터테인먼트>
FT아일랜드, 씨엔블루, SF9, 설현 등 인기 가수가 소속된 FNC엔터테인먼트는 자회사 FNC인베스트먼트를 통해 저작인접권을 사들이고 있다. 지난 3월 냠냠엔터테인먼트에 150억원을 주고 음원 372곡의 저작인접권을 확보한 이래, 추가 인수 기회를 물색 중이다. FNC인베스트먼트가 저작인접권을 매입한 음원에는 '호텔 델루나' 삽입곡인 태연의 '그대라는 시', 엑소-첸백시 '너를 위해' 등이 들어 있다. FNC인베스트먼트 관계자는 ""FNC는 자사 소속 아티스트의 저작인접권은 물론 유명 외부 아티스트들의 음악 권리를 추가로 취득해 매년 안정적인 수입원을 만들 것""이라고 기대했다. ◆ 백지영 '사랑안해' 작곡가가 세운 회사는, 연매출 10배 가치로 LF 자회사 인수백지영 '사랑안해' 윤미래 '시간이 흐른 뒤' 등 히트곡을 작곡한 박근태 씨는 본인이 설립한 비욘드뮤직을 통한 과감한 M&A;로 주목 받았다. 올 상반기 투자사 베이스인베스트먼트와 컨소시엄을 맺어 LF그룹 음원유통 자회사 케이앤씨뮤직을 440억원에 인수한 것이다. 케이앤씨뮤직 연간 영업수익이 30억~40억원임을 감안하면 연매출 10배로 기업가치를 인정해준 셈이다. 비욘드뮤직은 추가로 인수할 기업을 찾는 것으로 알려졌다. 


◆ 저작권 인수가격 계산 방법은 … 5년 평균 매출에 5~10배 인정음악 저작권과 저작인접권 시장이 커지는 이유는 나날이 고도화하는 금융 기법에 있다. 과거 창작자나 음악 기획사는 음원을 통해 현금흐름을 만들면서도 이를 활용해 목돈을 마련할 방법은 마땅치 않았다. 한 엔터테인먼트 업계 관계자는 ""스타 작곡가라도 금융 기관에서 대출이 잘 나오지 않아 새로운 사업에 대한 투자를 하기 어려웠다""며 ""이제 저작권·저작인접권의 미래 현금흐름을 현재가치로 환산해 인수해주는 기업들이 나타나며 창작자와 음악기획사가 더욱 다양한 기회를 모색할 수 있게 됐다""고 설명했다. 


자료: IFPI 글로벌 음악 보고서
일반적으로 저작권의 가치는 최근 5년 간 연간 저작권료 수입의 평균을 산출해 이의 5~10배 수준으로 산정한다. 작곡가가 특정 노래 저작권으로 5년 동안 올린 수입의 연평균이 1억원이라면 5억~10억원의 가치를 인정받을 수 있는 것이다. ◆ '이태원클라쓰' 삽입된 BTS 뷔 자작곡 대박, 韓콘텐츠와 음악저작권 상승 효과


`이태원클라쓰`에 삽입된 뷔의 `스위트 나이트`는 지난 21일 스포티파이에서 스트리밍 1억6900만건을 돌파하며 한국 OST 최고 기록을 세웠다. <사진 제공=블렌딩>
K팝과 한국 드라마·영화의 인기가 세계적으로 뜨거워지면서 음악 저작권 가치는 더욱 가파르게 오를 전망이다. 드라마 '이태원클라쓰'에 수록된 방탄소년단(BTS) 뷔의 자작곡 '스위트 나이트(Sweet Night)'는 지난 21일 음원 서비스 업체 스포티파이에서 스트리밍 1억6900만건을 돌파하며 한국 OST 최고 기록을 세웠다. 최근 마블 영화 '이터널스' 배급사 월트디즈니컴퍼니 코리아는 이 영화 오리지널사운드트랙(OST)에 방탄소년단 정규 4집 수록곡 '친구'를 포함한다고 밝혔다. 지난해엔 '기생충'이 미국 아카데미 4관왕에 오른 직후 이 영화 OST가 해외 음원 업체 서비스 스포티파이에서 스트리밍 횟수가 1400% 오르기도 했다. [박창영 기자][ⓒ 매일경제 & mk.co.kr, 무단전재 및 재배포 금지]
        
					
window.jQuery || document.write(""<script src='//common.mk.co.kr/common/include/mklib/jquery.js'>"")

"
2021-10-24,해외주식 열기 식지 않더니…5억원 이상 투자 ‘슈퍼 서학개미’ 60% 늘었다,"


급증하는 해외 주식계좌 신고자
해외주식에 투자한 '슈퍼 서학개미' 증가로 5억원 이상 해외주식계좌 신고자 수가 전년대비 60% 넘게 늘어난 것으로 집계됐다.24일 국세청에 따르면 해외주식계좌 신고인원은 법인과 개인을 더해 지난해 649명에서 올해 1046명으로 61.2%(397명) 증가했다. 이 중 개인이 977명으로 대부분을 차지해, 해외주식 투자 붐을 실감케했다. 해외 주식 투자규모만  29조6000억원이다.국세청 관계자는 개인신고자 증가와 관련해 ""2019년부터 신고기준금액이 인하 10억원에서 5억원으로 인하되고, 개인이 해외에 설립한 외국법인의 계좌도 2020년부터는 그 개인주주가 신고하도록 하면서 신고의무자 범위가 확대된 영향""이라고 설명했다.googletag.display(""google_dfp_MC_2x1,fluid"");국가별로 보면, 서학개미가 화력을 집중하고 있는 미국의 경우 올해에도 개인신고자의 신고 주식 계좌 수와 신고 금액이 각각 4413개, 3조9000억원으로 가장 많았다. 이는 개인신고 금융계좌 수의 49%, 신고금액은 42%를 차지하는 수준이다. 법인이 많은 비중을 차지하는 일본의 경우도 계좌 신고액 중 주식계좌가 95.7%로 대부분을 차지했으며, 전체 주식계좌 신고액 중에서 70%를 차지했다. 주식계좌 잔액은 지난 2017년 7조8000억원에서 꾸준히 증가세이며, 특히 올해에는 예·적금계좌 잔액을 처음으로 넘어섰다. 국세청 관계자는 ""글로벌 유동성이 확대되고 경기 반등을 기대한 위험자산 선호 심리가 커지면서, 해외 주식 투자 증가 및 주식 평가액 상승 등의 효과로 분석된다""고 밝혔다.예·적금계좌 잔액은 국제적인 저금리 영향으로 전년대비 23％ 감소했으며, 최근 5년 간 지속적으로 감소 추세이다. 주식 외에 예금 선물 등까지 포함한 금융계좌 신고자 수는 법인과 개인을 합해 3130명, 신고금액은 59조원이었다. 작년과 비교하면 신고인원은 445명(16.6%) 증가한 반면, 신고금액은 9000억원(1.5%) 감소했다. 올해 신고된 해외 금융계좌 수는 142개국 총 2만77개에 달했다.  googletag.display(""google_dfp_MC_250x250""); 한편, 국세청은 향후 금융정보 교환자료 등을 활용해 해외금융계좌 미신고혐의 이외 연소자에 대한 역외 증여 및 국외소득 탈루혐의를 집중 검증할 계획이다. 국세청은 지난 2011년 해외금융계좌 첫 신고를 실시한 이후 올해 6월말까지 미신고자 493명에 대하여 과태료 1855억 원을 부과하였다. 국세청 관계자는 ""해외금융계좌 미(과소)신고자에 대해서는 과태료 부과,  형사 고발, 명단공개 등 엄정 조치할 예정""이라면서 ""지난해부터 수정·기한 후 신고자에 대한 과태료 감경이 90%까지 늘었고, 올해 감경 사유도 새로 추가되었으니, 계좌 신고대상자는 속히 수정·기한 후 신고 바란다""고 당부했다.[안병준 기자][ⓒ 매일경제 & mk.co.kr, 무단전재 및 재배포 금지]
        
					
window.jQuery || document.write(""<script src='//common.mk.co.kr/common/include/mklib/jquery.js'>"")

"
2021-10-24,카카오페이 100% 균등 배분한다는데…청약때 1주도 못받을수도,"


카카오페이 공모가 확정일인 지난 22일 오후 서울의 한 증권사 영업부에 관련 내용이 적힌 배너가 놓여 있다. [사진 출처 = 연합뉴스]
 '하반기 IPO(기업공개) 대어' 카카오페이가 25일부터 이틀 간 일반 공모주 청약에 돌입한다.24일 금융투자업계에 따르면 카카오페이는 25, 26일 양일 간 일반 투자자를 대상으로 청약 신청을 받는다.카카오페이는 공모주 사상 처음으로 일반 청약자 대상 물량을 '100% 균등 배분'하기로 했다. 최소 증거금으로 동일한 주식을 배정받는 것이 균등 배분이다. 청약 증거금을 많이 투입할수록 더 많은 공모주를 배정받는 비례배분과는 반대된다.googletag.display(""google_dfp_MC_2x1,fluid"");카카오페이는 균등분배 최소 단위인 20주(증거금 90만원)만 청약하면 모두 같은 수의 주식을 배분받을 수 있다. 하지만 청약 참여자가 준비된 공모주 물량 수를 넘는 경우 1주도 못 받는 사람이 나올 수도 있다. 경쟁률보다는 모집물량 대비 청약 건수가 많지 않은 증권사에 신청하는 것이 유리하다.공모주 청약은 삼성증권, 한국투자증권, 대신증권, 신한금융투자 4곳에서 신청할 수 있다. 증권사별 할당된 청약 물량은 삼성증권(230만주)이 가장 많고, 대신증권(106만주), 한국투자증권(70만주), 신한금융투자(17만주) 순이다.4개 증권사 모두 일반 공모주 신청 첫날인 25일에 오후 10시까지 청약 신청을 받아 경쟁률이 치열할 것으로 예상된다.단 금융당국이 지시한 '중복청약 금지'에 따라 한 증권사에서 청약 신청하면 다른 증권사에서는 청약할 수 없다.googletag.display(""google_dfp_MC_250x250""); 앞서 카카오페이는 기관 투자자 수요예측에서 총 1545개 기관이 몰려 1714.1대 1의 경쟁률을 기록해 흥행에 성공했다. 그 결과 희망 공모가는 밴드 상단인 9만원으로 확정됐다. 총 1518조의 기관 공모참여금액이 모이기도 했다.수요예측에 참여한 국내외 기관의 의무보유확약 비율은 70.4%로 2014년 이후 IPO를 통해 1조원 이상 공모한 기업 중 가장 높은 수치를 기록했다.[변덕호 매경닷컴 기자][ⓒ 매일경제 & mk.co.kr, 무단전재 및 재배포 금지]
        
					
window.jQuery || document.write(""<script src='//common.mk.co.kr/common/include/mklib/jquery.js'>"")

"
2021-10-24,미국 3분기 경제지표 부진 우려…3000선 박스권 장세 계속 [주간증시전망],"


코스피가 전 거래일보다 1.17포인트(0.04%) 내린 3,006.16에 거래를 마친 22일 오후 서울 중구 하나은행 딜링룸에서 딜러들이 대화하고 있다. [사진 출처 = 연합뉴스]
 다음주 코스피는 11월 국내 '위드코로나' 전환 시작 기대감이 모이는 가운데 미국 경제지표 부진 우려에 3000포인트 박스권 장세를 이어 가겠다. 증권가에선 코스피 예상 밴드를 2940~3110포인트로 제시했다.22일 한국거래소에 따르면 지난주 코스피는 0.02% 하락했다. 지난주 코스피는 인플레이션 압력과 헝다 리스크 등 악재가 겹치면서 장중 한때 3000선을 위협받기도 했다. 지난 18일에 이어 이날 장중 한때 '삼천피'가 붕괴됐다.코스피는 지난 5일 3000선을 내준 이후 7거래일 연속 2900선에서 박스권 횡보를 보여왔다. 지난 15일 3000선을 간신히 회복했지만 지난 20일 중국 중앙은행이 기준금리 성격의 대출우대금리(LPR)를 동결하면서 3거래일 연속 약세를 이어왔다.googletag.display(""google_dfp_MC_2x1,fluid"");오는 28일 美 3분기 GDP 발표…부진 우려 우선 다음주 증시 악재 요인으로는 미국의 부정적 경제 지표에 대한 우려와 11월 미 연방준비위원회(Fed)의 테이퍼링 시행, 3분기 어닝시즌 등이 꼽힌다.오는 28일 발표될 미국 3분기 GDP가 2분기 성장률(6.7%)의 절반 수준에도 못미칠 것으로 전망되면서 주가 하락을 이끌 수도 있다는 분석이다. 병목현상과 델타 변이로 인한 생산 차질은 이미 시장에 잘 알려져 있지만, 4분기도 녹록치 않을 수 있다는 점에서다.또 공급 차질에 따른 제품 부족과 물가 상승으로 미국 내 온라인 쇼핑 증가율이 8년만에 최저를 기록할 것이란 전망도 나오는 상황이다. 어도비의 마케팅 데이터 분석 솔루션인 '어도비 애널리틱스' 자료에 따르면 연말 성수기인 올해 11월과 12월 미국 내 온라인 쇼핑 증가율은 평균 10%에 그칠 것으로 보인다.국내 어닝시즌이 본격화되는 가운데 최근 에너지 가격 급등과 공급 병목 현상 등으로 인해 이익률이 낮아질 수 있다는 우려와 4분기 이후 실적 지속성에 대한 의구심 역시 국내 증권 시장의 상승을 가로막는 중이다. 3분기 한국 기업들의 실적은 양호할 것으로 예상되나, 이에 따른 단기 주가 영향은 중립적이라는 설명이다.아울러 내달 2~3일에 예정된 FOMC에서 연준이 테이퍼링 결정을 내릴 공산이 큰 만큼 한차례 금융시장 변동성 확대 여지가 있겠다.김영환 NH투자증권 연구원은 ""금융시장이 테이퍼링을 오래 전부터 인지하고 있었으며, 테이퍼링이 본질적으로 유동성을 회수하는 정책이 아니라는 점에서 큰 악재로 작용하지는 않을것""이라면서도 ""다만 아는 것과 하는 것은 다르듯 실제 테이퍼링 시점에는 한차례 금융시장 변동성 확대 여지가 있다""고 밝혔다.


코스피가 장 초반 3,000선 아래로 내려간 22일 오전 서울 중구 하나은행 본점 딜링룸에서 직원들이 업무를 보고 있다. [사진 출처 = 연합뉴스]
 월간 수출 호조 지속…코스피 조정 위험 제거 다음주 발표되는 국내 3분기 GDP 성장률이 전년 동기 대비 증가할 것으로 예상되면서 증시에는 호재로 작용하겠다.이날 증권가에 따르면 오는 26일 발표될 국내 3분기 GDP 성장률은 전년 동기 대비 4.3% 증가할 것으로 예상된다. 직전 분기(전년 동기 대비 6.0%)에 비해 둔화된 결과지만 이번 3분의 경우 전년동기 기저효과가 줄어들기 시작하는 시기에 해당한다는 점에서 견고한 성장세가 유지되고 있다고 판단할 수 있다는 분석이 나온다.또 4분기에도 견고한 성장세가 이어질 수 있다는 점에서 한국은행에서 제시하고 있는 올해 성장률 목표 4.0% 증가는 충분히 달성 가능할 것이란 설명이다.googletag.display(""google_dfp_MC_250x250""); 박석현 KTB투자증권 연구원은 ""내수 경기 뒷받침이 아직 충분치 않은 상황 속에서 견고한 성장세가 이어질 수 있는 배경은 역시 수출인데, 수출경기는 연말까지 호조가 지속될 전망""이라며 ""기저효과가 소멸되며 수출 증가율 둔화가 불가피하지만 이보다는 월간 수출액 호조 지속에 무게를 둘 필요가 있으며 이는 주식시장 측면에서 코스피 조정 위험을 제거하며 추세적인 견고성 지속을 유지시키는 요인이 될 것""이라고 말했다.증권사는 주간으로 달러화는 약세를 보일 것이라고 전망했다. 미국 통화정책 정상화에 대한 경계감이 반영되며 미국과 주요 선진국과의 금리 차이가 확대됐다는 분석이다. 글로벌 위험자산 선호 심리 회복과 맞물려 달러 강세 속도가 조절되는 양상이다. 원/달러 환율 주간 예상 밴드로는 1173~1190원이 제시됐다.[김정은 매경닷컴 기자][ⓒ 매일경제 & mk.co.kr, 무단전재 및 재배포 금지]
        
					
window.jQuery || document.write(""<script src='//common.mk.co.kr/common/include/mklib/jquery.js'>"")

"
2021-10-24,"공모주 평균 수익률, 7월 이후 급감","



카카오페이 청약
▶ 여기를 누르시면 크게 보실 수 있습니다
   하반기 IPO(기업공개) 대어로 꼽히는 카카오페이의 상장을 앞두고 최근 공모주들의 수익률이 관심을 끈다. 상반기까지 공모주 '불패 행진'이 이어졌으나 7월 이후 증시 변동성 확대 등으로 평균 수익률이 크게 떨어진 것으로 나타났다.24일 한국거래소에 따르면 올해 7월부터 이달 22일까지 IPO를 통해 유가증권시장과 코스닥시장에 상장한 40개 기업(스팩·리츠 포함)의 공모가 대비 22일 종가 기준 수익률은 평균 27.55%다.googletag.display(""google_dfp_MC_2x1,fluid"");이는 상반기 상장한 52개 기업의 평균 수익률 53.82%의 절반 수준이다. 3분기 기대주 중 일진하이솔루스[271940](113.41%), 카카오뱅크[323410](54.1%), 현대중공업[329180](68.33%) 등이 수익률이 공모가 대비 50%를 상회한 반면 SD바이오센서(-9.62%), 크래프톤[259960](-2.01%), 롯데렌탈[089860](-22.14%) 등은 공모가를 하회하고 있다.7월 이후 신규 상장한 기업 중 상장 첫 거래일에 '따상'(공모가의 2배에 시초가를 형성한 뒤 상한가 기록·공모가 대비 수익률 160%)에 성공한 기업은 맥스트·한화플러스제2호스팩·원티드랩·플래티어·브레인즈컴퍼니·일진하이솔루스·지아이텍 등 7곳뿐이었다. 상반기 따상에 성공한 기업은 19곳이었다. 공모주 펀드 수익률도 지지부진하다.금융정보업체 에프앤가이드[064850]에 따르면 이달 22일 기준 최근 한 달간 143개 공모주 펀드의 평균 수익률은 -0.81%다. 공모주 펀드의 설정액은 7조2천758억원으로, 1개월 전과 비교해서 3천190억원이 줄었다.올해 들어 공모주가 높은 수익률로 '불패 신화'를 자랑했지만, 공모가 고평가 등 공모주 과열 논란과 증시 부진 탓에 투자 심리가 악화한 것으로 풀이된다.다만, 전반적인 수익성 측면에서 공모주 투자는 여전히 매력적이라는 분석이 나온다.7월 이후 10월 현재까지 코스피 지수는 8.4%, 코스닥 지수는 3.9% 하락한 점을 견줘 보면 공모주 투자가 시장 평균보다는 높은 수익률을 보이고 있는 것이다.신영증권[001720] 오광영 연구원은 ""카카오페이를 필두로 4분기 다수의 대형 우량 종목 IPO가 대기 중이다""며 ""공모금액 기준으로 여전히 성장을 보일 것으로 예상돼 공모주·펀드에 대한 관심을 지속해서 가져야 할 것으로 판단한다""고 말했다. googletag.display(""google_dfp_MC_250x250""); 신 연구원은 ""증시의 조정은 과열된 공모주 시장의 열기를 어느 정도 식힐 호재로 작용할 수도 있을 것""이라고 덧붙였다.[연합뉴스]Copyrights ⓒ 연합뉴스. 무단 전재 및 재배포금지

window.jQuery || document.write(""<script src='//common.mk.co.kr/common/include/mklib/jquery.js'>"")

"
2021-10-24,<뉴욕증시-주간전망> 대형 IT기업 실적 대기·GDP도 주목해야,"이번 주(25~29일) 뉴욕증시는 대형 기술 기업들의 실적 발표를 앞두고 사상 최고치 흐름을 이어갈 수 있을지 주목된다.애플, 아마존, 구글 모기업 알파벳, 마이크로소프트, 페이스북 등 이번 주 발표되는 기업의 시가총액 비중이 스탠더드앤드푸어스(S&P)500지수 내 30%를 차지한다는 점에서 그야말로 지수 전체의 향배가 이들 기업에 달린 셈이다.다우지수에 편입된 캐터필러, 코카콜라, 머크, 보잉, 맥도널드 등 다우지수 내 3분의 1에 해당하는 기업들의 실적도 이번 주 나올 예정이다.googletag.display(""google_dfp_MC_2x1,fluid"");레피니티브 자료에 따르면 지금까지 3분기 실적을 발표한 기업 중 대략 84%가 예상치를 웃도는 실적을 내놨다. 지금까지 나온 실적과 예상치에 근거할 때 3분기 순익은 지난해 같은 기간보다 34.8% 증가했을 것으로 예상된다.특히 지난주 후반 스냅의 실적이 부진하게 나오면서 소셜미디어 기업에 대한 우려로 확대된 바 있다. 스냅은 애플의 사생활 보호 정책이 매출에 영향을 미쳤다고 밝혔으며 이에 따라 지난 22일 주가는 26% 폭락했다.같은 날 페이스북과 트위터의 주가도 각각 5%, 4% 이상 떨어졌다. 알파벳의 주가도 3%가량 약세를 보였다.애플은 올해 4월 아이폰 운영체제(iOS)를 업데이트해 애플리케이션(응용프로그램)을 처음 실행하면 앱이 이용 기록이나 검색 활동을 추적해도 될지 이용자에게 물어 승인을 받도록 했다. 그동안 소셜미디어나 광고주는 이용자들의 사용 기록이나 검색 활동을 추적해 맞춤형 광고를 해왔으나 애플의 새로운 조치로 고객의 데이터를 더는 추적하기가 어렵게 됐다.스냅은 4분기 실적도 타격을 입을 것이라고 경고했고, 투자자들은 이 같은 광고 매출 타격이 다른 소셜미디어 업체에도 영향을 줄지 주목하고 있다.당장 25일부터 페이스북의 실적이 발표되며, 알파벳과 트위터의 실적은 26일에 나올 예정이다.전문가들은 3분기 기업 실적의 성패를 가를 주요 기술기업들의 실적 발표를 주시하고 있다. 만약 이들 기업에 대한 실적 실망으로 주가가 흔들릴 경우 사상 최고치를 경신해왔던 지수가 또다시 조정 압력에 직면할 수 있다.이번 주에는 3분기 국내총생산(GDP) 성장률과 연방준비제도(연준·Fed)가 선호하는 개인소비지출(PCE) 가격지수, 내구재 수주 등과 같은 주요 지표도 발표된다.월스트리트저널이 집계한 이코노미스트들의 3분기 GDP 성장률 예상치는 연율 3.0%로 전분기 기록한 6.7%에서 크게 낮아질 것으로 보인다. 9월 근원 PCE 가격지수는 전월보다 0.2% 오르고, 지난해 같은 기간보다 3.7% 상승했을 것으로 예상된다. 전달에는 각각 0.3%, 3.6% 오른 바 있다.성장률은 둔화하고 물가 상승 압력이 커질 경우 스태그플레이션(경기 침체 속 고물가 상황) 가능성에 대한 우려도 커질 전망이다.10년물 국채금리에 대한 관심도 연방준비제도(연준·Fed)의 11월 통화정책 회의가 가까워지면서 커질 것으로 보인다.10년물 국채금리는 지난주 1.70%까지 올랐다가 주 후반 1.63% 수준으로 떨어졌다. 1.70%는 지난 5월 이후 최고치로 시장 참가자들은 국채금리가 3월 이후 최고치인 1.74%까지 갈 경우 주식 투자자들이 걱정해야 할 수준이라고 경고하고 있다.10년물 국채금리는 지난 3월 30일에 장중에 1.777%까지 상승했으며 이르면 이번 주 이 수준을 테스트할 것으로 예상된다. 이미 금리선물 시장에는 내년 말까지 2회 금리 인상 가능성을 가격에 반영하고 있다. 자산 매입 프로그램을 축소하는 테이퍼링이 본격 시작되면 금리 인상에 대한 기대로 시장의 관심이 돌아설 것으로 보인다.지난주 다우존스30산업평균지수는 1.08% 올랐고, S&P500지수는 1.64% 상승했다. 나스닥지수는 1.29% 올랐다.◇ 주요 지표 및 연설 일정-25일10월 댈러스 연방준비은행(연은) 제조업지수페이스북, 킴벌리-클라크, HSBC 실적-26일8월 연방주택금융청(FHFA) 주택가격지수8월 S&P / 케이스실러 주택가격지수10월 리치먼드 연은 제조업지수10월 소비자신뢰지수9월 신규주택판매알파벳, 마이크로소프트, 비자, AMD, 텍사스인스트루먼트, 트위터, 3M, 제너럴일렉트릭, 로빈후드, 일라이 릴리, 하스브로, 록히드마틴 실적-27일9월 내구재수주코카콜라, 맥도날드, 보잉, 제너럴모터스, 포드, 크래프트하인즈, 이베이, 할리 데이비드슨 실적-28일주간 신규실업보험 청구자수Q3 국내총생산(GDP·예비치)9월 잠정주택판매10월 캔자스시티 연은 제조업활동지수애플, 아마존, 캐터필러, 컴캐스트, 머크, 얌 브랜즈, 길리어드사이언스 실적-29일9월 개인소비지출(PCE) 및 개인소득Q3 고용비용지수10월 시카고 구매자관리지수(PMI)10월 미시간대 소비자태도지수(확정치)googletag.display(""google_dfp_MC_250x250""); 셰브런, 다임러, 노무라, BNP파리바 실적[연합뉴스]Copyrights ⓒ 연합뉴스. 무단 전재 및 재배포금지

window.jQuery || document.write(""<script src='//common.mk.co.kr/common/include/mklib/jquery.js'>"")

"
2021-10-24,증시 약세장 진입 '경고등'…개인 투자자 괜찮나,"



22일 오후 서울 중구 하나은행 딜링룸에서 딜러들이 대화하고 있다. 2021.10.22 [연합뉴스]
▶ 여기를 누르시면 크게 보실 수 있습니다
   증시가 최근 인플레이션(물가 상승) 우려 등으로 불안한 양상을 이어가는 가운데 '약세장 진입' 경고음이 나오고 있다.증시 안팎에선 유동성이 회수되고 거품이 꺼지면 뒤늦게 증시에 뛰어든 개인 투자자들이 큰 손실을 볼 수 있다는 우려의 목소리가 커지고 있다. 전문가들은 24일 개인 투자자들에게 불안한 장세를 고려해 유동성을 확보하거나 안전자산으로 갈아타기 등의 자산 배분 전략을 짜야 한다고 조언한다.googletag.display(""google_dfp_MC_2x1,fluid"");◇ 약세장 진입 '경고'…유동성 긴축 국면·인플레이션 우려각국은 코로나19 이후 대거 풀린 유동성을 거둬들이기 시작했다.미국 연방준비제도(Fed·연준)는 연내 테이퍼링(자산매입 축소) 실시를 예고했다. 한편에선 연준이 내년에 기준금리를 인상할 것이라는 관측도 나온다.한국은행은 이미 지난 8월 기준금리를 0.25%포인트 올린 데 이어 다음 달에도 추가 인상할 것으로 전망된다.인플레이션 부담에 따른 실적 등 기업 펀더멘털(기초여건)에 대한 우려도 나오고 있다.윤지호 이베스트투자증권 리서치센터장은 ""기업을 경영하는 입장에서 비용이 걱정""이라며 ""원자재 가격과 인건비가 오르고 있지만, 기업이 이를 소비자에게 전가하기가 쉽지 않다""고 말했다.정용택 IBK투자증권 리서치본부장은 ""기본적인 추세 전망은 약세장으로 진입했다고 생각하고 있다""며 ""기본 펀더멘털인 성장률이나 영업이익이 분기가 지나갈수록 계속 떨어지는 쪽으로 가고 있다""고 진단했다.증권사들도 올해 4분기 코스피 전망치를 속속 하향하고 있다. 지난 17일 연합뉴스가 국내 주요 증권사 5곳을 대상으로 설문 조사한 결과 삼성증권(3,000→2,900), KB증권(3,050→2,850) 등이 코스피 하단을 낮췄다.문종진 교보증권 연구원은 ""지수 관점에서 기대수익률은 낮다""며 ""내년 실적 전망치가 하향 조정되고 있는 상황에서 증시에서도 공급망 차질이나 원자재 가격 상승에 실적 불확실성이 커지고 있다""고 분석했다.



주식 열풍 (PG)
▶ 여기를 누르시면 크게 보실 수 있습니다
    ◇ 개인, 주식 순매수 규모 '역대급'…약세장 때 어쩌나증시가 약세로 본격적으로 전환하고 거품이 꺼지기 시작하면 개인 투자자들이 손실을 볼 것이라는 우려가 커지고 있다. 개인 투자자들은 작년 코로나19 사태 이후 역대급 규모로 증시에 뛰어들었다.개인이 작년에 유가증권시장(코스피)에서 순매수한 규모는 47조5천억원어치로 집계 이후 역대 최대를 기록했다.올해 들어선 지난 21일까지 72조7천억원을 순매수해 이미 작년 규모를 넘어섰다.그러나 올해 대다수 개인 투자자들의 투자 수익률은 저조할 것으로 추정된다.대다수 개인이 증시에 진입한 시점은 코스피 3,000 전후 시점이다.지난 5일 코스피가 2,962.17로 마쳐 지난 3월 24일(2,996.35) 이후 처음으로 종가 기준 3,000선을 하회했으나, 이 기간 개인의 순매수액은 35조원에 달한다.삼성전자[005930], SK하이닉스[000660], 카카오[035720] 등 올해 개인 순매수 상위권에 오른 대형주들의 주가는 횡보 또는 하락하고 있다. 



한때 '6만전자'
▶ 여기를 누르시면 크게 보실 수 있습니다
    특히 개인이 빚을 내서 주식에 투자한 이른바 '빚투'에 대한 우려도 나온다.금융투자협회에 따르면 개인이 증권사에서 자금을 빌려 주식에 투자하는 신용융자거래 잔고는 지난 21일 기준 23조7천억원에 이른다.이는 사상 최대인 지난달 13일 25조7천억원보다 줄었으나, 작년 말(19조2천억원)보다 23% 늘어난 수준이다.신용융자거래는 주가가 하락해 신용거래 담보금 유지 비율이 기준 이하로 내려가면 반대매매로 강제 청산된다. 따라서 매도금액이 신용융자 잔액에 못 미치면 이른바 '깡통 계좌'가 전락해 원금을 초과하는 손실이 발생할 수 있다.금융감독원도 지난 8월 신용거래 관련 일평균 반대매도 금액이 연중 최대치인 84억8천만원을 기록했다며 '빚투'에 유의하라고 경고했다.더구나 한은의 추가 기준금리 인상으로 신용거래융자 이자율이 오를 것으로 예상되는 점도 개인의 부담을 키우고 있다. ◇ ""'버티면 된다'식 투자 고집 안 돼""…자산 배분·종목별 대응 추천전문가들은 이런 상황에서 주식 매수를 늘리거나 유지하는 식의 투자 전략을 고수하기보다 자산 배분이나 종목별 대응에 나설 것을 조언했다.정용택 리서치본부장은 ""자산 배분 차원에서 주식 비중을 줄여 유동성을 확보하거나 채권 등 안전자산으로 옮기는 걸 권한다""고 말했다. 그는 ""증시 내에서 움직인다면 베타(주가 변동성을 나타내는 지표)가 낮고 배당수익률이 높은 주식으로 옮겨 견디는 게 낫다""고 조언했다. 개인의 '빚투'에 대한 경고의 목소리도 나왔다. 윤지호 센터장은 ""개인은 코스피 3,100 이상에서 가장 많이 진입했다""며 ""대량 매입한 수출 제조 관련 주식은 공급과잉과 비용 문제의 직격탄을 받아 '버티면 된다'는 식의 투자 태도를 고집하면 결과는 더 안 좋을 수 있다""고 지적했다.그러면서 ""지금은 기업의 비용 부담과 교역 둔화 등으로 장기 투자할 상황은 아니다""라며 ""빚으로 투자하는 방식은 금리 상승 국면에서 위험하다""고 강조했다.전문가들은 주식 투자를 유지한다면 경기 민감 주를 피하고 고성장주로 갈아탈 것을 권했다. googletag.display(""google_dfp_MC_250x250""); 문종진 연구원은 ""에너지, 소재 등 경기민감 업종 투자는 개인이 대응하기 어렵다""며 ""오히려 성장성 높은 일부 종목을 중심으로 압축 대응하는 게 투자 전략이 될 수 있다""고 조언했다.[연합뉴스] Copyrights ⓒ 연합뉴스. 무단 전재 및 재배포금지

window.jQuery || document.write(""<script src='//common.mk.co.kr/common/include/mklib/jquery.js'>"")

"
2021-10-24,증시 시가총액 5년새 1천100조원 불어나,"국내 증시가 최근 5년 가까이 대세 상승세를 타면서 시가총액 규모가 1천조원 넘게 불어났다.24일 한국거래소에 따르면 코스피와 코스닥시장 시가총액은 지난 21일 종가 기준으로 2천603조6천465억원으로 집계됐다.이는 2016년 말 1천506조4천110억원보다 1천97조2천355억원(72.8%) 늘어난 것이다.googletag.display(""google_dfp_MC_2x1,fluid"");이 기간 코스피는 2,000선에서 3,000 안팎으로 50%가량 올랐고 코스닥지수는 630대에서 1,000 안팎까지 60% 가까이 뛰었다. 코스피 시가총액은 1천307조9천312억원에서 2천183조40억원으로 875조원(66.9%) 불어났다.코스닥시장 시가총액 규모는 2016년 말 198조4천798억원에서 420조6천425억원으로 5년도 안 돼 두 배 이상으로 커졌다.삼성전자[005930]는 주가가 배로 뛰면서 시가총액이 165조원(65.3%) 늘어났다. SK하이닉스[000660] 시가총액은 32조원대에서 70조원대로 115.4% 증가했으며 현대차 몸집은 32조원대에서 44조원대로 37.9% 불어났다. 12조원대이던 셀트리온[068270] 시가총액은 30조원 수준으로 139.6% 늘어났다. 네이버[035420] 시가총액은 2016년 말 25조5천억원에서 2.6배 수준인 67조원대가 됐다.카카오[035720] 몸집은 무려 11배나 커졌다. 2016년 말 5조원대에 그치던 카카오 시가총액은 현재 57조원에 이른다.


[그래픽] 코스피·코스닥 시가총액 변화



시중 은행 전경
        코스피는 현 정부가 출범한 2017년 5월께부터 본격적으로 상승세를 탔다. 당시 외국인이 6조5천800억원어치 주식을 순매수하면서 코스피 상승을 이끌었다.그러나 외국인과 기관은 작년부터 집중적으로 주식을 내다 팔며 차익을 시현했고, 개인투자자들은 본격적으로 주식을 사들였다.외국인과 기관이 작년 유가증권시장(코스피)에서 순매도한 규모는 50조원으로 개인 순매수 규모인 47조원과 맞먹는다. 올해 역시 현재까지 외국인과 기관이 각각 30조원, 40조원어치 순매도한 물량을 개인이 고스란히 받아 72조원어치를 사들였다.올해 코스닥시장에서도 외국인과 기관은 8조6천억원어치의 주식을 순매도했지만, 개인은 12조7천억원어치의 주식을 순매수했다.시장에선 전 세계 인플레이션(물가 상승) 우려와 긴축 움직임이 본격화하자 '거품 붕괴'를 경고하는 목소리가 커지고 있다.전문가들은 시장이 약세 흐름을 이어갈 것으로 전망하고, 주식 투자자들에게 위험 관리에 나서라고 주문했다.googletag.display(""google_dfp_MC_250x250""); 정용택 IBK투자증권 리서치본부장은 ""증시는 추세적으로 약세장으로 진입해 고점에 매수한 투자자들은 손해가 불가피하다""라며 ""투자자들은 주식 비중을 낮추고 유동성을 확보하거나 안전 자산으로 일부 갈아탈 필요가 있다""고 조언했다. [연합뉴스]Copyrights ⓒ 연합뉴스. 무단 전재 및 재배포금지

window.jQuery || document.write(""<script src='//common.mk.co.kr/common/include/mklib/jquery.js'>"")

"
2021-10-23,역시 트럼프는 '빅마우스'…한마디 하자 '846% 폭등' 종목은,"


도널드 트럼프 전 미국 대통령이 독자적으로 만든 소셜네트워크 `트루스 소셜`(TRUTH Social)을 로스앤젤레스의 한 휴대전화 사용자가 앱스토어에서 찾고 있는 모습. [사진 출처 = 연합 뉴스]
도널드 트럼프 전 미국 대통령이 만든다는 소셜미디어 플랫폼과 합병 소식이 알려진 스팩(SPAC·기업인수목적회사)의 주가가 이틀간 800%대 폭등했다.22일(현지시간) 뉴욕증시에서 스팩 '디지털월드애퀴지션그룹(DWAC)' 주가는 2거래일만에 846% 급등했다. 이날 주가는 전일대비 48.70(107.03%) 오른 94.20달러를 기록했다. 이날 장중 한때는 175달러까지 오르기도 했다. 전일에도 DWAC의 주가는 하루 만에 356.83% 치솟은 바 있다.이 종목이 급등한 이유는 전날 DWAC가 트럼프 전 대통령의 소셜미디어 기업 '트럼프 미디어 앤드 테크놀로지 그룹'(TMTG)과 합병하기로 했다는 발표가 나오면서다.googletag.display(""google_dfp_MC_2x1,fluid"");트럼프 전 대통령은 지난 1월6일 지지자들의 미 의회 폭동 사건 이후 트위터와 페이스북으로부터 퇴출당했다. 이후 트럼프 전 대통령은 여러 차례 계정 복원을 요청했지만 거절당했다. 이에 트럼프 전 대통령은 합병 회사를 통해 자체 소셜미디어 '트루스 소셜'(Truth Social)을 출범시킬 계획이라고 밝혔다.googletag.display(""google_dfp_MC_250x250""); 트럼프 전 대통령은 ""탈레반도 트위터로 큰 영향력을 행사하는데, 미국 대통령은 입이 막힌 세상에 살고 있다""면서 ""합병을 통해 트루스 소셜이라는 미디어를 출범 시킬 것""이라고 말했다.트럼프 전 대통령이 트루스 소셜을 통해 미국의 우익을 결집한 뒤 차기 대권에 도전할 전망이 나오면서 관심이 쏠린다. 트루스 소셜은 내달 베타 서비스(미리보기 서비스)를 시작하고, 내년 초부터 정식 서비스에 나설 예정이다.[김정은 매경닷컴 기자][ⓒ 매일경제 & mk.co.kr, 무단전재 및 재배포 금지]
        
					
window.jQuery || document.write(""<script src='//common.mk.co.kr/common/include/mklib/jquery.js'>"")

"
2021-10-23,"""진짜 천슬라 가나""....테슬라 주가 910달러 사상 최고가 경신","


일론 머스크. [사진출처 = 연합뉴스]
 일론 머스크가 이끄는 미국 전기차 업체 테슬라의 주가가 사상 최고치를 기록했다. 22일(현지시간) 뉴욕증시에 따르면 테슬라 주가는 이날 장중 910달러까지 오르며 52주 신고가를 기록했다. 종전 최고가는 올해 1월 25일 작성된 900.40달러였다.이날 테슬라는 개장 직후 900달러를 뛰어넘었고 전날보다 1.75% 오른 909.68달러로 장을 마쳤다. 테슬라가 주가가 900달러를 넘은 것은 지난 1월 이후 처음이다.googletag.display(""google_dfp_MC_2x1,fluid"");주가가 고공비행하면서 테슬라 시가총액은 9000억달러를 돌파했다. 이날 종가 기준 시총은 9005억9700만 달러(1059조원)였다.테슬라 주가는 올 들어 28% 가까이 올랐다. 이는 스탠더드앤드푸어스(S&P;) 500 지수의 상승률 21%를 뛰어넘는 수준이다.googletag.display(""google_dfp_MC_250x250""); 테슬라는 반도체 칩 공급난에도 지난 3분기 16억2000만 달러 순이익을 달성하며 역대 최고 실적을 달성한 바 있다.블룸버그 통신은 ""테슬라 주가는 6월 초부터 분기별 실적 호조에 힘입어 꾸준히 상승하고 있다""며 ""테슬라가 전통적인 자동차 업체보다 반도체 칩 부족 사태에 더 잘 대처하고 있음을 보여준다""고 진단했다.[김정은 매경닷컴 기자][ⓒ 매일경제 & mk.co.kr, 무단전재 및 재배포 금지]
        
					
window.jQuery || document.write(""<script src='//common.mk.co.kr/common/include/mklib/jquery.js'>"")

"
2021-10-23,"뉴욕증시, 기술 기업 실적 우려 속 혼조...다우 0.21%↑","뉴욕증시는 기술 기업들의 실적 우려와 제롬 파월 연방준비제도(연준·Fed) 의장의 인플레이션 발언에 혼조세를 보였다.22일(미 동부시간) 뉴욕증권거래소(NYSE)에서 다우존스30산업평균지수는 전장보다 73.94p(0.21%) 오른 3만5677.02로 장을 마쳤다.스탠더드앤드푸어스(S&P;)500지수는 전장보다 4.88p(0.11%) 하락한 4544.90을, 기술주 중심의 나스닥지수는 전장보다 125.50p(0.82%) 하락한 1만5090.20으로 거래를 마감했다.googletag.display(""google_dfp_MC_2x1,fluid"");S&P500;지수는 전날 사상 최고치로 마감한 데 따른 차익실현 매물과 주요 기술주의 약세 등에 하락했으나 다우지수는 최고치로 마감했다.나스닥지수는 스냅 등의 주가가 크게 밀린 가운데 관련 소셜미디어 기업들에 대한 우려가 커지면서 하락했다. 투자자들은 기술 기업의 실적, 파월 연준 의장의 인플레이션 관련 발언 등을 주시했다.전날 장 마감 후 실적을 발표한 스냅의 주가는 애플의 사생활 보호 규정의 변화로 회사가 광고 수익이 타격을 입을 수 있다고 밝히면서 26% 이상 폭락했다. 이에 따라 광고 수익에 의존하는 페이스북, 트위터, 알파벳 등 기술 기업들의 주가가 동반 하락했다.인텔의 주가도 매출이 예상치를 밑돌았다는 소식 이후 10% 이상 하락했다. 인텔은 매출이 부진한 것은 공급망 차질 때문이라고 설명했다.아메리칸 익스프레스의 주가는 실적이 예상치를 웃돌았다는 소식에 5% 이상 상승했다.테슬라 주가는 실적 호조에 사상 최고치를 경신하며 장중 910달러까지 올랐다. 시가총액도 8800만 달러를 넘어섰다. 이날 주가는 1.7% 상승세로 마감했다.도널드 트럼프 전 미국 대통령이 자체 소셜미디어를 출시하기로 한 가운데 해당 소셜미디어와 합병이 예정된 기업인수목적회사(SPAC·스팩) '디지털월드애퀴지션'(DWAC)의 가격이 전날 400% 폭등한 데 이어 이날도 100% 이상 폭등했다. DWAC의 거래는 변동성 확대로 장중에 여러 차례 중단됐다.제롬 파월 미국 연방준비제도(연준·Fed) 의장은 공급망 제약과 높은 인플레이션이 이전에 예상했던 것보다 더 오래가 내년까지 충분히 지속될 것 같다고 말했다.파월 의장은 ""인플레이션 위험이 지속해서 더 높게 움직이는 것을 본다면 우리는 확실히 물가 안정을 유지하고, 완전 고용 목표를 고려해 우리의 도구를 사용할 것""이라고 강조했다.googletag.display(""google_dfp_MC_250x250""); 메리 데일리 샌프란시스코 연방준비은행(연은) 총재는 이날 연설에서 인플레이션이 눈에 띄게 상승하고 있지만 금리 인상은 경제에 도움이 되지 않을 것이라고 말했다.데일리 총재는 일부 인플레이션 수치는 깜짝 놀랄 수준이라고 지적하면서도 지금까지 인플레이션 급등은 팬데믹이 주도해왔다는 점을 강조했다.[김정은 매경닷컴 기자][ⓒ 매일경제 & mk.co.kr, 무단전재 및 재배포 금지]
        
					
window.jQuery || document.write(""<script src='//common.mk.co.kr/common/include/mklib/jquery.js'>"")

"
2021-10-23,"뉴욕증시, 기술 기업 실적 우려 속 혼조…다우 최고치 마감","뉴욕증시는 기술 기업들의 실적 우려와 제롬 파월 연방준비제도(연준·Fed) 의장의 인플레이션 발언에 혼조세를 보였다.22일(미 동부시간) 뉴욕증권거래소(NYSE)에서 다우존스30산업평균지수는 전장보다 73.94포인트(0.21%) 오른 35,677.02로 장을 마쳤다.스탠더드앤드푸어스(S&P)500지수는 전장보다 4.88포인트(0.11%) 하락한 4,544.90을, 기술주 중심의 나스닥지수는 전장보다 125.50포인트(0.82%) 하락한 15,090.20으로 거래를 마감했다.googletag.display(""google_dfp_MC_2x1,fluid"");S&P500지수는 전날 사상 최고치로 마감한 데 따른 차익실현 매물과 주요 기술주의 약세 등에 하락했으나 다우지수는 최고치로 마감했다.나스닥지수는 스냅 등의 주가가 크게 밀린 가운데 관련 소셜미디어 기업들에 대한 우려가 커지면서 하락했다.투자자들은 기술 기업의 실적, 파월 연준 의장의 인플레이션 관련 발언 등을 주시했다.전날 장 마감 후 실적을 발표한 스냅의 주가는 애플의 사생활 보호 규정의 변화로 회사가 광고 수익이 타격을 입을 수 있다고 밝히면서 26% 이상 폭락했다. 이에 따라 광고 수익에 의존하는 페이스북, 트위터, 알파벳 등 기술 기업들의 주가가 동반 하락했다.인텔의 주가도 매출이 예상치를 밑돌았다는 소식 이후 10% 이상 하락했다. 인텔은 매출이 부진한 것은 공급망 차질 때문이라고 설명했다.아메리칸 익스프레스의 주가는 실적이 예상치를 웃돌았다는 소식에 5% 이상 상승했다.테슬라 주가는 실적 호조에 사상 최고치를 경신하며 장중 910달러까지 올랐다. 시가총액도 8천800만 달러를 넘어섰다. 이날 주가는 1.7% 상승세로 마감했다.도널드 트럼프 전 미국 대통령이 자체 소셜미디어를 출시하기로 한 가운데 해당 소셜미디어와 합병이 예정된 기업인수목적회사(SPAC·스팩) '디지털월드애퀴지션'(DWAC)의 가격이 전날 400% 폭등한 데 이어 이날도 100% 이상 폭등했다. DWAC의 거래는 변동성 확대로 장중에 여러 차례 중단됐다.일부 기업들의 실적 부진에도 불구하고 3분기 기업들의 실적은 대체로 긍정적이다.레피니티브에 따르면 지금까지 실적을 발표한 S&P500지수 상장 기업 중에서 84%의 기업이 예상치를 웃도는 주당순이익을 발표했다. 기업들의 분기 순익은 지난해 같은 기간보다 33.7%가량 높다.제롬 파월 미국 연방준비제도(연준·Fed) 의장은 공급망 제약과 높은 인플레이션이 이전에 예상했던 것보다 더 오래가 내년까지 충분히 지속될 것 같다고 말했다.파월 의장은 ""인플레이션 위험이 지속해서 더 높게 움직이는 것을 본다면 우리는 확실히 물가 안정을 유지하고, 완전 고용 목표를 고려해 우리의 도구를 사용할 것""이라고 강조했다.메리 데일리 샌프란시스코 연방준비은행(연은) 총재는 이날 연설에서 인플레이션이 눈에 띄게 상승하고 있지만 금리 인상은 경제에 도움이 되지 않을 것이라고 말했다.데일리 총재는 일부 인플레이션 수치는 깜짝 놀랄 수준이라고 지적하면서도 지금까지 인플레이션 급등은 팬데믹이 주도해왔다는 점을 강조했다.제조업 지표는 부진했다.IHS 마킷에 따르면 10월 제조업 구매관리자지수(PMI) 예비치(계절조정)는 59.2로 전월 확정치인 60.7보다 하락했다.이날 수치는 월스트리트저널이 집계한 애널리스트들의 예상치인 60.5를 밑돌았으며, 7개월 만에 가장 낮은 수준을 보였다.반면 10월 서비스업 PMI 예비치는 58.2를 기록해 전월 확정치인 54.9를 웃돈 것과 동시에 월가 예상치인 55.5보다 높았다.업종별로 금융, 에너지, 필수 소비재 관련주가 오르고, 통신과 기술, 임의소비재 관련주는 하락했다.뉴욕증시 전문가들은 분기 실적에 대한 우려가 있던 상황에서 예상치를 웃도는 실적이 나오면서 투자 심리가 개선됐다고 분석했다.크로스마크 글로벌 인베스트먼츠의 빅토리아 페르난데스 수석 시장 전략가는 CNBC에 ""실적이 둔화하고, 이익 마진이 어떻게 될지에 대한 우려가 있었던 분기에 기업들이 여전히 좋은 실적을 내고 있다""고 말했다.코너스톤 웰스의 클리프 호지 최고투자책임자는 지수가 최근 5% 랠리를 보인후 조정을 받는 것은 어느정도 당연한 결과라면서도 장기적으로는 밸류에이션 부담이나 경기 주기의 전환, 연준의 긴축 등 역풍은 여전히 남아있다고 지적했다.시카고상품거래소(CME) 페드워치에 따르면 연방기금(FF) 금리 선물 시장은 내년 9월 금리 인상 가능성을 83.2%로 반영했다.해당 기간까지 1회 금리 인상 가능성은 36.8%, 2회 금리 인상 가능성은 31.0%, 3회 금리 인상 가능성은 12.6%로 나타났다.googletag.display(""google_dfp_MC_250x250""); 시카고옵션거래소(CBOE)에서 변동성 지수(VIX)는 전장보다 0.42포인트(2.80%) 오른 15.43을 기록했다.[연합뉴스]Copyrights ⓒ 연합뉴스. 무단 전재 및 재배포금지

window.jQuery || document.write(""<script src='//common.mk.co.kr/common/include/mklib/jquery.js'>"")

"
2021-10-23,[뉴욕유가] 수요 지속·채굴장비수 감소에 유가 상승,"유가가 다시 83달러대로 올랐다. 22일(미 동부시간) 뉴욕상업거래소에서 12월물 서부텍사스산원유(WTI) 가격은 전장보다 1.26달러(1.53%) 상승한 83.76달러로 거래를 마쳤다. 유가는 올해 두 번째로 높은 수준을 나타냈다. googletag.display(""google_dfp_MC_2x1,fluid"");유가는 이번 주 들어 2.48% 상승해 9주 연속 주간 상승세를 보였다. 이는 주간 상승 기준으로 보면 역대 최장 기록이다. 에너지 공급 부족에 대한 우려가 지속되고 있는 가운데 겨울을 앞둔 원유 수요는 꾸준히 늘고 있다. 아울러 주간 원유 채굴 장비 증가세도 주춤해져 유가 상승에 한몫 했다. 원유시추업체 베이커휴스에 따르면 미국 내 가동 중인 원유 채굴 장비 수는 전주보다 2개 감소한 443개를 기록했다. 이는 6주 연속 증가한 후 감소했다.  천연가스 시추를 비롯한 채굴 장비 수도 542개로 1개 감소했다. 주간 원유 재고가 지난 20일 월가 예상보다 큰 폭으로 감소한 데 이어 채굴 장비수도 줄어들면서 유가 상승 기대가 확대됐다. 원유시장 전문가들도 원유 수요 증가세가 탄탄하다고 봤다. 유가 급등 요인 중 하나였던 천연가스 가격이 13년 만에 최고치를 기록하고 하락했으나 원유에 대한 겨울철 에너지 수요가 다시 집중될 가능성은 여전하다. 인프라 캐피털 매니지먼트의 제이 하트필드 설립자는 ""코로나19가 정점을 찍고, 미국이 백신 접종자에 여행을 재개하면서 유가는 3개월간 거의 30% 정도의 랠리를 보였다""며 ""11월로 접어들면 추운 날씨에 난방유 수요가 늘고, 휴가철로 휘발유 수요가 증가할 것으로 보여 유가가 계속 랠리를 보일 것으로 예상한다""고 말했다. googletag.display(""google_dfp_MC_250x250""); IHS 마킷의 마샬 스티브스 에너지 시장 담당 애널리스트는 마켓워치에 ""수요 증가세가 견조하지만 생산 증가는 지연되고 있어 글로벌 원유 재고 수준이 타이트하다""고 언급했다.[연합뉴스]Copyrights ⓒ 연합뉴스. 무단 전재 및 재배포금지

window.jQuery || document.write(""<script src='//common.mk.co.kr/common/include/mklib/jquery.js'>"")

"
2021-10-23,[유럽증시] 헝다 디폴트 모면에 일제히 상승,"


런던 증권거래소 로고
      유럽 주요국 증시는 22일(현지시간) 일제히 상승했다.이날 영국 런던 증시의 FTSE 100 지수는 전 거래일 종가 대비 0.20% 오른 7,204.55를 기록했고, 독일 프랑크푸르트 증시의 DAX30 지수도 0.46% 상승한 15,542.98로 마감했다.프랑스 파리 증시의 CAC40 지수는 0.71% 오른 6,733.69로 장을 마감했으며, 범유럽 지수인 유로 Stoxx 50지수 역시 0.80% 상승한 4,188.81로 거래를 종료했다.googletag.display(""google_dfp_MC_2x1,fluid"");전날 중국 대형 부동산 개발업체 헝다(恒大·에버그란데) 그룹의 공식 디폴트(채무불이행) 우려에 하락했던 유럽증시는 이날 헝다가 디폴트 위기를 일단 모면하면서 반등에 성공했다.헝다는 오는 23일 지급 유예기간 종료를 앞두고 달러화 채권 이자 8천350만 달러(약 985억 원)를 가까스로 상환하면서 디폴트 위기를 모면했다.googletag.display(""google_dfp_MC_250x250""); 그러나 지난달 29일과 이달 11일 각각 헝다가 내지 못한 달러화 채권 이자 지급일이 당장 내주부터 연이어 찾아오는 탓에 헝다발 증시 불안은 당분간 계속될 전망이다.[연합뉴스]Copyrights ⓒ 연합뉴스. 무단 전재 및 재배포금지

window.jQuery || document.write(""<script src='//common.mk.co.kr/common/include/mklib/jquery.js'>"")

"
2021-10-22,"뉴욕증시, 고점 부담 속에 혼조세로 출발","뉴욕증시는 기업들의 실적 발표 속에 고점 부담에 혼조세로 출발했다.     22일(미 동부시간) 오전 9시 51분 현재 뉴욕증권거래소(NYSE)에서 다우존스30산업평균지수는 전장보다 114.17포인트(0.32%) 오른 35,717.25를 기록했다.스탠더드앤드푸어스(S&P)500지수는 전장보다 3.34포인트(0.07%) 떨어진 4,546.44를, 기술주 중심의 나스닥지수는 전장보다 94.53포인트(0.62%) 하락한 15,121.17을 나타냈다.googletag.display(""google_dfp_MC_2x1,fluid"");S&P500지수는 전날 사상 최고치로 마감한 데 따른 차익실현 매물에 하락했으나 다우지수는 장중 최고치를 경신했다.특히 기술 기업들에 대한 실적 우려로 관련 주가가 약세를 보이면서 지수별로 엇갈린 모습이다. 전날 장 마감 후 발표된 스냅의 주가는 애플의 사생활 보호 규정의 변화로 회사가 광고 수익이 타격을 입을 수 있다고 밝히면서 20% 이상 폭락했다. 이에 따라 페이스북, 트위터, 알파벳 등 기술 기업들이 동반 약세를 보이고 있다. 인텔의 주가도 매출이 예상치를 밑돌았다는 소식 이후 10% 이상 하락했다. 인텔은 매출이 부진한 것은 공급망 차질 때문이라고 설명했다. 아메리칸 익스프레스의 주가는 실적이 예상치를 웃돌았다는 소식에 4% 이상 상승했다. 도널드 트럼프 전 미국 대통령이 자체 소셜미디어를 출시하기로 한 가운데 해당 소셜미디어와 합병이 예정된 기업인수목적회사(SPAC·스팩) '디지털월드애퀴지션'(DWAC)의 가격이 전날 400% 폭등한 데 이어 이날도 180% 이상 폭등세를 보였다.일부 기업들의 실적 부진에도 불구하고 3분기 기업들의 실적은 대체로 긍정적이다. 레피니티브에 따르면 지금까지 실적을 발표한 S&P500지수 상장 기업 중에서 84%의 기업이 예상치를 웃도는 주당순이익을 발표했다. 기업들의 분기 순익은 지난해 같은 기간보다 33.7%가량 높다.뉴욕증시 전문가들은 분기 실적에 대한 우려가 있던 상황에서 예상치를 웃도는 실적이 나오면서 투자 심리가 개선됐다고 분석했다. 크로스마크 글로벌 인베스트먼츠의 빅토리아 페르난데스 수석 시장 전략가는 CNBC에 ""실적이 둔화하고, 이익 마진이 어떻게 될지에 대한 우려가 있었던 분기에 기업들이 여전히 좋은 실적을 내고 있다""고 말했다. 유럽증시는 상승했다. 독일 DAX지수는 0.82%가량 올랐고, 영국 FTSE100지수는 0.52% 상승했다. 범유럽 지수인 STOXX600지수는 0.72%가량 오르고 있다. 국제유가는 상승 중이다. googletag.display(""google_dfp_MC_250x250""); 12월물 서부텍사스산원유(WTI) 가격은 전장보다 1.21% 오른 배럴당 83.49달러에, 12월물 브렌트유 가격은 0.99% 오른 배럴당 85.45달러에 거래됐다.[연합뉴스]Copyrights ⓒ 연합뉴스. 무단 전재 및 재배포금지

window.jQuery || document.write(""<script src='//common.mk.co.kr/common/include/mklib/jquery.js'>"")

"
2021-10-22,정치권 '네카오 때리기' 심했나…동학개미 이달들어 '팔자',"


경기 성남시 카카오 판교오피스 [사진 출처 = 한주형 기자]
 지난달 네이버·카카오에 등 돌렸던 기관 투자자와 외국인 투자자가 이달 들어 '사자'세로 돌아서면서 양사 주가가 진정 국면에 접어들고있다.반면 지난달 저가매수로 순매수 행렬을 이어오던 개인 투자자는 이달 물량을 던지며 엇갈린 행보를 이어가고 있다.22일 네이버는 전일대비 3000원(0.73%) 내린 40만7500원에 거래를 마쳤다. 카카오는 전일대비 500원(0.39%) 내린 12만7500원에 마감했다.googletag.display(""google_dfp_MC_2x1,fluid"");지난달 정치권의 플랫폼 기업 규제 움직임에 휘청였던 네이버와 카카오의 주가가 이달 들어 회복하는 분위기다. 네이버는 지난 5일 37만원으로 바닥을 친 후 지난 19일 40만원대를 회복했다. 같은 기간 카카오도 11만500원으로 저점을 기록한 뒤 12만7500원으로 올라섰다.이달 들어 기관 투자자와 외국인 투자자가 물량을 쓸어 담으며 주가 상승을 이끌었다. 기관 투자자는 네이버와 카카오를 각각 1291억원, 2407억원 사들였다. 같은 기간 외국인 투자자는 네이버 331억원, 카카오 116억원을 순매수했다. 반면 지난달 매수세를 이어오던 개인 투자자는 이달부터 '팔자'세로 전환했다. 개인 투자자는 네이버와 카카오를 각각 1700억원, 2338억원 던졌다.


김범수 카카오 의장이 지난 21일 오후 서울 여의도 국회에서 열린 과학기술정보방송통신위원회의 방송통신위원회 소관 감사 대상기관 종합감사에 출석, 의원질의에 답변하고 있다. [사진 출처 = 연합뉴스]
지난달 정치권에서 국내 금융 플랫폼 규제 움직임을 보이자 네이버·카카오의 주가는 연일 하락세를 보였다. 기존 45만원대의 주가를 유지해오던 네이버는 37만원까지 내렸으며 카카오는 15만원대에서 11만원대까지 떨어졌다. 한편 증권가에서는 네이버와 카카오에 낙관적인 시선이다.특히 네이버가 올해 3분기 매출 1조7273억원, 영업이익 3498억원을 기록해 사상 최대치로 끌어 올리면서 성장에 기대감을 더하고 있다. 또 내달 4일 발표 예정인 카카오의 3분기 실적발표도 장밋빛 전망이 예고되면서 네이버와 카카오의 주가가 회복세를 유지할 수 있을 것이라는 주장에 힘이 실리고 있다.googletag.display(""google_dfp_MC_250x250""); 황현준 DB금융투자 연구원은 네이버에 대해 ""커머스 고도화와 웹툰, 메타버스 등 콘텐츠 사업 확장이 본격화되면서 2022년 네이버의 기업가치는 한 단계 더 도약할 수 있을 것으로 판단된다""며 ""투자의견 '매수'와 함께 목표주가를 56만원으로 유지한다""고 말했다.김진구 KTB중권 연구원은 카카오에 대해 ""카카오헤어샵 등 골목상권 침해 논란이 있는 부분은 철수 검토도 이뤄지고 있으며 가장 문제가 되었던 모빌리티도 다양한 방안을 모색 중""이라며 ""최악의 구간은 지났다""고 말했다.[변덕호 매경닷컴 기자][ⓒ 매일경제 & mk.co.kr, 무단전재 및 재배포 금지]
        
					
window.jQuery || document.write(""<script src='//common.mk.co.kr/common/include/mklib/jquery.js'>"")

"
2021-10-22,2차전지 소재 기업 엔켐…공모청약에 16조원 몰려,"LG에너지솔루션, SK이노베이션 등에 2차전지 핵심 재료인 전해액을 공급하는 엔켐의 상장을 위한 공모 청약에 16조원대의 증거금이 모였다. 22일 금융투자업계에 따르면 21일부터 이틀간 이뤄진 엔켐 청약에 16조4575억원의 증거금이 몰렸다. 최종 경쟁률은 1275대1을 기록했다.엔켐은 지난 17일부터 이틀간 진행한 기관투자자 대상 수요예측에서도 경쟁률 1647대1을 기록했다. 올해 들어 22일까지 수요예측을 진행한 공모주의 평균 경쟁률이 1200대1이라는 점을 고려하면 높은 수준이다. 엔켐은 11월 1일 코스닥 시장에 상장한다.[강인선 기자][ⓒ 매일경제 & mk.co.kr, 무단전재 및 재배포 금지]
        
					
window.jQuery || document.write(""<script src='//common.mk.co.kr/common/include/mklib/jquery.js'>"")

"
2021-10-22,"하나금융, KB 이어 3분기 누적순익 '역대 최대' 2.6조…27.4%↑(종합2보)","



하나금융그룹
▶ 여기를 누르시면 크게 보실 수 있습니다
   하나금융그룹이 KB금융그룹에 이어 올해 3분기에 역대 최대 누적 순이익을 거뒀다. 하나금융그룹은 지난 3분기(7∼9월) 9천287억원의 당기순이익(지배기업 지분 순이익 기준·잠정)을 거뒀다고 22일 공시했다. 작년 동기 대비 22.5%(1천703억원), 전분기 대비 1.3%(116억) 증가한 수준이다.1∼3분기 연결 당기순이익은 2조6천815억원으로, 역대 최대를 달성했다. 이는 전년 동기 대비 27.4%(5천771억원) 증가한 실적이다.googletag.display(""google_dfp_MC_2x1,fluid"");하나금융은 ""사업 포트폴리오 다각화에 따른 비은행 부문의 지속적인 성장과 안정적인 비용 관리에 힘입은 결과""라고 설명했다.비은행 부문의 실적 기여도는 36.0%로, 전년 동기 대비 4.7%포인트(p) 증가했다.비은행 관계사인 하나금융투자는 자산관리수수료 등이 증가하면서 3분기 누적으로 4천95억원의 순이익을 거뒀다. 전년 동기 대비 43.0%(1천232억원) 증가했다.하나금융투자는 ""누적 순익은 지난해 수준에 육박하며 상승세를 이어가고 있다""면서 ""향후 시장 변동성 등에 선제적으로 대응해 4분기도 실적 상승세를 기대하고 있다""고 말했다.하나카드는 3분기 누적으로 73.9%(846억원) 증가한 1천990억원, 하나캐피탈은 51.9%(660억원) 증가한 1천931억원을 각각 기록했다. 이 외에 하나생명, 하나자산신탁은 각각 228억원, 692억원의 3분기 누적 당기순이익을 거뒀다.그룹의 핵심이익은 기업을 중심으로 한 대출자산 증대와 수수료 수익 다변화로 성장세를 나타냈다.이자이익(4조9천941억원)과 수수료이익(1조8천798억원)을 합한 3분기 누적 핵심이익은 1년 전보다 14.2%(8천546억원) 증가한 6조8천739억원이다. 그룹의 3분기 순이자마진(NIM)은 1.64%다.



하나은행
▶ 여기를 누르시면 크게 보실 수 있습니다
    하나은행의 1∼3분기 누적 연결 당기순이익은 1조9천470억원이다. 이 역시 역대 최대 수준이다. 3분기 연결 당기순이익은 6천940억원으로, 전년 동기 대비 17.7%(2천926억원) 증가했다. 신종 코로나바이러스 감염증(코로나19) 등으로 인한 대내외 불확실성에도 자산 건전성 지표는 안정세를 보이고 있다.3분기 말 그룹의 고정이하여신(NPL) 비율은 0.33%로 전 분기말 대비 3bp(1bp=0.01%포인트) 개선됐고, NPL 커버리지비율은 전 분기 대비 5.5%p 증가한 156.8%를 기록했다. 연체율은 0.28%로 전 분기와 동일한 수준을 보였다.주요 경영지표인 자기자본이익률(ROE)은 11.23%, 총자산이익률(ROA)은 0.76%다.그룹의 국제결제은행(BIS) 비율 추정치는 전분기보다 4bp 증가한 16.58%, 보통주자본비율 추정치는 14.06%를 기록했다.앞서 전날에는 KB금융그룹이 올해 3분기 1조2천979억원을 포함해 누적 3조7천722억원의 당기순이익을 거뒀다고 발표했다. 3분기와 누적 기준으로 각각 역대 최대 규모다. 은행주가 금리 상승기의 수혜주로 꼽히고 있어 다음주 공시를 앞둔 우리금융과 신한금융의 실적에도 이목이 쏠린다.증권가에서는 금리 상승 등으로 금융지주들의 호실적을 기대하고 있다. 하나금융지주 이후승 재무총괄 부사장(CFO)은 이날 컨퍼런스콜에서 향후 분기 배당 실시를 검토하고 있으며 배당성향은 2019년 수준인 26% 정도로 하는 방안을 논의 중이라고 공개했다.그는 ""배당성향은 재작년 수준 이상을 하려 한다. 자사주 매입도 준비하고 있으며 점진적인 주주환원 정책은 계속될 것""이라면서 ""분기 배당을 위한 정관 개정을 검토하고 있다""고 말했다.3분기에 1.40%를 기록해 전분기 대비 소폭 하락한 은행 NIM의 경우 4분기 1.42% 수준까지 오를 것으로 전망했다.김영일 하나은행 경영전략본부장은 ""8월에 인상된 기준금리의 영향이 3분기에는 온전히 반영되지 않았다""면서 ""이 인상 효과가 오롯이 반영되면 변동금리 기준이 타사보다 높은 편이어서 NIM은 긍정적으로 나올 수 있다""고 설명했다.googletag.display(""google_dfp_MC_250x250""); 인터넷전문은행들이 주택담보대출 상품을 출시하는 것과 관련해 하나은행 측은 ""이미 비대면으로 아파트담보대출을 출시해 3분기까지 1천억원 넘게 공급했다""면서 ""연립이나 다세대 등 기타 담보에 대해서도 내년 1분기 중 담보 대상을 확대할 것""이라고 밝혔다.[연합뉴스]Copyrights ⓒ 연합뉴스. 무단 전재 및 재배포금지

window.jQuery || document.write(""<script src='//common.mk.co.kr/common/include/mklib/jquery.js'>"")

"
2021-10-22,카카오페이 공모가 9만원 확정…의무보유확약비율 역대 최고,"



카카오페이…공모가 최상단 9만원 확정
▶ 여기를 누르시면 크게 보실 수 있습니다
   다음달 상장을 앞둔 카카오페이가 공모가를 희망 범위 최상단인 9만원으로 확정했다.카카오페이는 21일 마감한 기관 수요예측 결과를 22일 공시했다.확정 공모가 기준 공모 금액은 1조5천300억원, 상장 후 시가총액은 11조7천억원이다.googletag.display(""google_dfp_MC_2x1,fluid"");수요예측에는 국내 기관투자자와 해외 기관투자자 1천545곳이 참여했다. 경쟁률은 1천714.47대 1이다.이중 99.99%는 희망 공모가 상단인 9만원 이상의 가격으로 신청했다. 기관 공모참여금액은 총 1천518조원에 이른다.수요예측에 참여한 국내·해외 기관 중 최단 1개월에서 최장 6개월의 의무보유확약 비율은 70.4%로, 2014년 이후 IPO를 통해 1조원 이상 공모한 기업 중 가장 높은 수치를 기록했다.카카오페이 류영준 대표는 ""많은 기관이 당사의 비전에 공감해주시고 수요예측에 적극적으로 참여해주신 것에 감사드린다""며 ""지금까지 탄탄하게 다져온 플랫폼 기반 위에서 사용자 중심의 금융 혁신, 다양한 금융기관 및 가맹점과의 상생을 이끌어가며 지속 가능한 성장을 만들어 갈 것""이라고 밝혔다.카카오페이는 이달 25∼26일 전체 물량의 25%인 425만주를 대상으로 일반 투자자 청약을 실시한 뒤 11월 3일 상장한다. 특히 국내 IPO 사상 최초로 일반 청약자 대상 물량 100%를 균등 배정한다.googletag.display(""google_dfp_MC_250x250""); 개인 투자자는 대표 주관사인 삼성증권[016360]을 비롯해 대신증권[003540], 한국투자증권, 신한금융투자를 통해 청약할 수 있다. [연합뉴스]Copyrights ⓒ 연합뉴스. 무단 전재 및 재배포금지

window.jQuery || document.write(""<script src='//common.mk.co.kr/common/include/mklib/jquery.js'>"")

"
2021-10-22,[단독] 휴젤 매각 최종 관문…기술유출 심사 뚫어야,"국내 1위 보톡스 기업 휴젤 매각에 '적신호'가 켜졌다. 휴젤은 보툴리눔 독소 관련 기술을 보유하고 있는 세계적 바이오의약품 전문 기업이다. 22일 양금희 국민의힘 의원이 국정감사에서 받은 서면답변서에 따르면 산업통상자원부는 ""핵심산업기술에 대해 국가 안보 차원의 접근이 필요하다""며 ""정부는 국가 차원에서 핵심 기술과 인력 유출 방지에 정책 역량을 집중하겠다. 범정부 차원의 기술·안보 시스템도 강력히 구축해 나가겠다""고 밝혔다.산업부는 보툴리눔 독소 제조기술 유출 방지와 보호를 위해 산업기술보호법에 따라 수출과 해외 인수·합병(M&A;)을 관리하고 있다. 또 전략물자인 보툴리눔 독소와 관련 제조기술은 대외무역법상 '수출허가 심사' 제도를 통해 수출을 통제하고 관리 중이다.1조7200억원 규모로 팔리게 된 휴젤은 계약을 마치고 후속 마무리 작업을 진행하고 있다. 휴젤 인수를 결정한 GS컨소시엄에는 정부와 업계가 중화계 자본으로 파악하고 있는 C브리지캐피털이 최대주주로 참여한 것으로 알려졌다. 양 의원이 ""보툴리눔 독소는 생물 테러에 사용될 가능성도 있다""고 묻자 산업부는 △농림축산식품부 소관 가축전염병예방법 △질병관리청 소관 감염병예방법 △식품의약품안전처 소관 약사법 등을 통해서도 보툴리눔균에 대한 안전 관리가 되고 있다고 설명했다. 산업부 관계자는 ""균주 활용이나 물리적 이동은 법령에 의해 굉장히 엄격하게 통제되고 있다""며 ""(균주 활용 등에 대해선) 각각의 부처에서 의견을 다 받아야 하는 부분""이라고 말했다.googletag.display(""google_dfp_MC_2x1,fluid"");휴젤 관계자는 ""매각 측인 베인앤드컴퍼니가 과거 휴젤을 인수한 경험이 있기 때문에 큰 어려움은 없을 것으로 판단하고 있다""고 덧붙였다. 향후 휴젤 매각 건과 관련한 절차와 계획에 대한 양 의원의 질의에 산업부는 ""세부 사항은 산업기술보호법에 명시된 비밀유지의무에 따라 답변하기 어렵다""고 말했다.   휴젤 매각 논란의 근거는 휴젤이 보유한 '보툴리눔 독소' 관련 기술이 국가 핵심기술이기 때문이다. 통상 '보톡스'로 불리며, 주름 개선에 쓰이는 미용바이오의약품의 원료가 되는 물질이 보툴리눔 독소다. 근육을 마비시키는 작용을 해 근육 경련과 강직 등 치료에도 활용된다. 하지만 강력한 독성을 갖고 있어 생화학 테러에 쓰일 수도 있는 것으로 알려졌다.국가 핵심기술을 보유한 기업은 해외 인수·합병(M&A;)을 하려면 정부 승인이 필요하다. 따라서 휴젤이 GS컨소시엄에 매각 완료되기까지 여러 단계에 걸친 정부 각 부처의 심사를 남겨놓고 있다. 우선 산업통상자원부 산하 '산업기술보호위원회'가 분야별 전문위원회 의견을 들어 보툴리눔 관련 기술 유출 가능성을 심사한 후 휴젤 M&A;를 승인하게 된다. 전문위는 생화학무기법에 따라 보툴리눔 독소에 대한 보유신고, 제조신고와 수출입허가 등에 위반사항이 없는지도 살펴본다. 연말까지 범정부 차원에서 '제4차 산업기술 유출 방지 및 보호 대책'을 마련하고 있어 절차가 더 길어질 수도 있다.정부는 휴젤을 인수하는 외국 투자자의 실체와 목적, 기술 유출 방지를 위한 대책 수립 여부, 국가안보 등을 종합적으로 검토하겠다고 밝혔다.googletag.display(""google_dfp_MC_250x250""); 한 바이오업계 관계자는 ""보툴리눔 균주는 국가 핵심기술로 지정돼 있어 휴젤 매각 얘기가 나올 때부터 걸림돌이 될 수 있다는 지적이 나왔다""며 ""균주 출처 논란도 있어 매각까지 여러 장애 요인이 있을 것으로 보인다""고 밝혔다.금융감독원 전자공시시스템 등에 따르면 휴젤을 인수하는 GS와 IMM인베스트먼트는 SPC의 지분 27.3%를 보유하고 C브리지캐피털과 아랍에미리트(UAE) 국부펀드 무바달라가 나머지 지분 72.7%를 보유한 것으로 알려졌다. C브리지캐피털 측은 이에 대해 자신들이 글로벌 펀드지 중국계 펀드가 아니라서 이번 M&A; 절차에 문제가 없다는 입장을 피력하는 것으로 전해졌다.[이희수 기자 / 정희영 기자][ⓒ 매일경제 & mk.co.kr, 무단전재 및 재배포 금지]
        
					
window.jQuery || document.write(""<script src='//common.mk.co.kr/common/include/mklib/jquery.js'>"")

"
2021-10-22,[유가증권시장 공시] 한국자산신탁 / 코오롱글로벌,"◇한국자산신탁=500억원 규모 주주배정 유상증자.◇코오롱글로벌=1579억원 규모 안동 재건축정비사업 수주.[ⓒ 매일경제 & mk.co.kr, 무단전재 및 재배포 금지]
        
					
window.jQuery || document.write(""<script src='//common.mk.co.kr/common/include/mklib/jquery.js'>"")

"
2021-10-22,포스코인터 분기 매출 첫 9조 돌파,"


 포스코인터내셔널이 올해 1·2·3분기 연속 분기 실적 신기록을 경신하며 질주를 이어가고 있다.22일 포스코인터내셔널은 연결 기준 올해 3분기 매출 9조1515억원, 영업이익 1485억원을 기록했다고 잠정 공시했다. 각각 전년 동기 대비 80.6%, 38.7% 증가한 수치다. 법인세를 차감한 당기순이익은 690억원으로 전년 동기 대비 25.4% 늘었다. 이번 3분기 매출은 분기 기준 사상 최대 규모다. 지난 1분기(7조870억원)와 2분기(8조5245억원)에 이어 연속으로 분기 기준 신기록을 달성했고, 첫 매출 9조원대에 진입했다. 이번 호실적은 원자재 가격 상승과 철강원료 사업 호조에 힘입었다는 분석이다. 특히 제철소의 철스크랩 사용 비중 확대 기조에 맞춰 안정적인 철강원료 공급 체계를 구축한 부분이 판매 증진에 도움이 됐다.같은 날 현대건설은 연결 기준 올해 3분기 매출로 4조3520억원, 영업이익 2204억원을 기록했다고 잠정 공시했다. 각각 전년 동기 대비 7.7%, 57.6% 증가했다. 당기순이익은 1484억원으로 전년 동기와 비교해 무려 77% 늘었다. [차창희 기자][ⓒ 매일경제 & mk.co.kr, 무단전재 및 재배포 금지]
        
					
window.jQuery || document.write(""<script src='//common.mk.co.kr/common/include/mklib/jquery.js'>"")

"
2021-10-22,"네이버 주가, 웹툰·제페토에 달려","올해 3분기 사상 최대 분기 실적을 기록한 네이버의 향후 주가 방향성은 글로벌 콘텐츠 성장성에 달렸다는 목소리가 나온다. 네이버 전체 매출 구성 중 콘텐츠 부문은 1841억원, 전체 대비 10.6%로 아직은 미미한 수준이지만 수익 증가율은 폭발적이다.최근 네이버웹툰, 왓패드를 비롯해 메타버스 플랫폼인 제페토 등 글로벌 콘텐츠 부문의 급격한 성장이 향후 주가를 견인하는 역할을 할 수 있을지 주목된다.네이버는 올해 3분기 연결 기준 매출액 1조7273억원, 영업이익 3498억원을 기록했다고 지난 21일 밝혔다. 전년 동기 대비 매출은 26.9%, 영업이익은 19.9% 증가한 수치다. 2분기와 비교해도 각각 3.8%, 4.2% 증가하며 꾸준한 실적 성장세를 보여줬다. googletag.display(""google_dfp_MC_2x1,fluid"");우수한 성적표를 거머쥔 네이버의 향후 주가는 콘텐츠 사업의 성장성에 달렸다는 분석이다. 콘텐츠 부문 분기별 매출은 2020년 3분기 1150억원에서 올해 3분기 1841억원으로 60.2% 증가했다. 콘텐츠 부문 실적 호조로 금융투자업계에서는 네이버에 대해 매수 의견을 유지하고 있다. 목표주가는 55만원 선이다. KTB투자증권에 따르면 네이버의 향후 추정 영업이익은 2022년 1조7040억원, 2023년 2조1680억원으로 고성장을 지속할 것으로 예측됐다. 다만 국내 빅테크 규제 확산 기조는 주가에 악영향을 미칠 부분으로 평가된다.   [차창희 기자][ⓒ 매일경제 & mk.co.kr, 무단전재 및 재배포 금지]
        
					
window.jQuery || document.write(""<script src='//common.mk.co.kr/common/include/mklib/jquery.js'>"")

"
2021-10-22,"게걸음 코스피에 지친 동학개미 ""차라리 서학개미 갈아타자"""," 미국 뉴욕증시가 '가을 위기론'을 극복하며 산타랠리에 대한 기대감을 높여가면서 투자자들이 미국 주식과 한국 주식 비중 조정을 놓고 고민에 빠졌다. 또다시 사상 최고치 기록을 갈아치운 스탠더드앤드푸어스(S&P;)500지수와 달리 한국 코스피는 연일 3000 선에서 횡보세를 이어가고 있기 때문이다. 우선 뉴욕증시에서는 연말 증시 낙관론이 갈수록 힘을 얻는 분위기다. 21일(현지시간) 배런스 등 현지 매체에 따르면 투자은행 뱅크오브아메리카(BoA)는 '펀드매니저 설문조사'를 진행한 결과 연말 이후 대형 기관투자자들 매수세가 커질 것이라고 전망했다. BoA가 수조 달러 이상 자산을 굴리는 펀드매니저들을 대상으로 이달 중순 진행한 조사에 따르면 이들의 투자 포트폴리오 중 현금 비중은 평균 4.7%를 기록해 직전 조사(4.3%) 때보다 높아졌다. 이는 최근 1년 새 가장 높은 수치다. BoA는 현금 보유 비중이 늘었다는 것은 이전에 주식을 내다 판 결과이기도 하지만 한편으로는 앞으로 주식 매수에 나설 것이라는 신호라고 해석했다. 펀드 등 기관투자자가 아닌 개인투자자 매수세도 늘어나는 분위기다. googletag.display(""google_dfp_MC_2x1,fluid"");최근 월가에서도 제이미 다이먼 JP모건 최고경영자(CEO)와 스콧 마이너드 구겐하임 최고 투자책임자(CIO), 릭 라이더 블랙록 글로벌 채권·자산배분 부문 CIO 등이 낙관론을 펴고 있다. 라이더 CIO는 S&P500;지수가 올해 말 5~10% 더 오를 것으로 전망했다. googletag.display(""google_dfp_MC_250x250""); 반면 한국 증시 분위기는 밝지 않다. 여의도 증권가에서는 국내 증시가 힘을 못 쓰는 이유로 원화 가치 약세와 실적 기대감 선반영을 들었다. 연준이 11월 테이퍼링을 실시할 가능성이 크고 내년에 미국 금리가 오를 수 있어 달러 강세가 지속된다는 이유에서다. 신중호 이베스트투자증권 투자전략팀장은 ""국내 기업 최대 수요처 중 하나인 중국이 불안해 원화 약세가 계속되고 있다""면서 ""반면 미국은 위드 코로나 이후 반등할 것으로 생각되는 서비스업 중심으로 경기가 살아나고 있어 달러 강세가 이어지고 있다""고 설명했다. 그는 ""서비스업이 살아난다면 미국은 테이퍼링을 더 강하게 실시할 수 있는 상황""이라며 ""만약 그렇게 되면 달러로 자본이 더 흡수돼 원화 약세는 심각해질 수밖에 없다""고 덧붙였다.국내 기업들의 3분기 실적에 대한 기대감이 과하게 주가에 선반영됐다는 점이 코스피 약세에 영향을 줬다는 의견도 있다.  신 팀장은 ""코스피는 지금처럼 (3000선을 오가는)박스권을 형성할 것""이라고 말했다. 이 팀장은 ""그동안 증시를 위협해온 인플레이션이나 공급망 병목현상 등 문제가 연말까지 이어질 것으로 보인다""고 말했다. [김인오 기자 / 이종화 기자][ⓒ 매일경제 & mk.co.kr, 무단전재 및 재배포 금지]
        
					
window.jQuery || document.write(""<script src='//common.mk.co.kr/common/include/mklib/jquery.js'>"")

"
2021-10-22,"금리상승기…외국인, 은행株 쓸어 담았다","



▶ 여기를 누르시면 크게 보실 수 있습니다
 다음달 기준금리 인상이 유력시되는 가운데 외국인 투자자들이 국내 은행주에 대한 집중 매수에 나서 이목이 집중된다. 22일 한국거래소에 따르면 지난달 17일부터 이날까지 약 한 달간 외국인 순매수 상위 종목 10개 중 3개가 은행주인 것으로 나타났다. 외국인이 약 2256억원 순매수한 KB금융이 3위, 약 1167억원 순매수한 신한지주가 7위, 약 812억원 순매수한 우리금융지주가 9위로 집계됐다. 최근 외국인들은 이달 들어서만 국내 주식을 약 2조6869억원 순매도하는 등 매도세를 이어가고 있다. 매도 중인 외국인이 은행주를 담은 이유는 포트폴리오에 안정성을 높이기 위한 차원으로 해석된다.전문가들은 기준금리 인상이 예상되는 현재 시점은 은행, 보험사 등 금융주를 매수하기에 적절하다고 조언한다. 우선 기준금리 인상은 은행 등 금융사들의 실적 개선으로 이어질 수 있기 때문이다. 기준금리 상승분은 시중금리에 반영돼 은행으로선 더 많은 이자 수익을 거둘 수 있다는 설명이다. 이런 기대감을 반영해 대표적인 은행주 9개가 포함된 KRX은행지수는 22일 전일 대비 소폭 상승한 787.15를 기록했다. KRX은행지수는 지난 13일부터 8거래일 연속 상승 마감했다.강혜승 미래에셋증권 연구원은 최근 보고서에서 기업은행 등 7개 금융지주사 3분기 합산 순이익이 4조4000억원에 달할 것으로 전망했다. 강 연구원은 ""금융지주들 실적은 최근 상향 조정돼온 컨센서스보다도 5%가량 웃돌 것으로 추정된다""며 ""4분기부터는 금리 상승 효과가 본격 반영되며 순이자마진(NIM)이 더 오를 것으로 보인다""고 내다봤다. 금융주가 주목받는 다른 이유는 다른 종목들에 비해 변동성이 낮기 때문이다. 코스피가 3000선에서 변동성을 키우는 가운데서도 금융주는 상대적으로 안정성을 가질 수 있다는 분석이다. 또 연말을 앞두고 높은 배당에 대한 기대감도 있다. 정용택 IBK투자증권 리서치본부장은 ""금리가 인상되면 시장에 유동성이 낮아지는 만큼 증시가 불안해진다""며 ""이럴 때는 변동성이 작은 금융주에 투자하는 것이 유리하다""고 조언했다. googletag.display(""google_dfp_MC_2x1,fluid"");또 다른 금융주인 보험주도 주목받고 있다. KRX보험지수는 지난달 17일 이후 약 한 달간 상승률이 약 4.6%에 달할 정도로 강세를 보이고 있다. 같은 기간 코스피가 한때 3000선 아래로 하락하는 등 약 3.96% 감소한 것과 대조된다. 특히 이 기간 삼성화재, DB손해보험, 현대해상 등 손해보험 관련 종목은 각각 7.6%, 8.7%, 15.7% 올랐다.임희연 신한금융투자 책임연구원은 ""손해보험 관련 주식들은 주식시장 변동성이 확대되는 가운데 금리 상승 수혜가 기대되고 이익 흐름도 안정적이지만 저평가된 상태로 보인다""며 ""현시점에서는 모든 손해보험사에 대한 접근이 유효하며 저평가되고 배당수익률이 높을수록 안정적인 주가 상승이 가능할 것""이라고 분석했다. [이종화 기자][ⓒ 매일경제 & mk.co.kr, 무단전재 및 재배포 금지]
        
					
window.jQuery || document.write(""<script src='//common.mk.co.kr/common/include/mklib/jquery.js'>"")

"
2021-10-22,한샘 3분기 영업이익 226억원…작년 동기 대비 4.7%↓,"


한샘
    코스피 상장사 한샘[009240]은 연결 기준 올해 3분기 영업이익이 226억원으로 지난해 동기보다 4.7% 감소한 것으로 잠정 집계됐다고 22일 공시했다.매출은 5천358억원으로 작년 동기 대비 6.4% 증가했다.이번 영업이익은 연합인포맥스가 집계한 시장 전망치 222억원을 1.7% 상회하는 것이다.[연합뉴스]Copyrights ⓒ 연합뉴스. 무단 전재 및 재배포금지

window.jQuery || document.write(""<script src='//common.mk.co.kr/common/include/mklib/jquery.js'>"")

"
2021-10-22,파크시스템스 3분기 영업이익 47억원…작년 동기 대비 16.9%↑,"


파크시스템스
    코스닥 상장사 파크시스템스[140860]는 연결 기준 올해 3분기 영업이익이 47억원으로 지난해 동기보다 16.91% 증가한 것으로 잠정 집계됐다고 22일 공시했다.매출은 213억원으로 작년 동기 대비 30.25% 증가했다.[연합뉴스]Copyrights ⓒ 연합뉴스. 무단 전재 및 재배포금지

window.jQuery || document.write(""<script src='//common.mk.co.kr/common/include/mklib/jquery.js'>"")

"
2021-10-22,"웰바이오텍, 100억원 유상증자…아트마투자조합 등에 3자 배정","


웰바이오텍
    코스피 상장사 웰바이오텍[010600]은 운영자금 등 약 100억원을 조달하고자 제3자배정 유상증자를 결정했다고 22일 공시했다.주당 1천705원에 신주 586만5천102주(보통주)가 발행된다. 제3자배정 대상자는 아트마투자조합(351만9천61주), ㈜신오전자(234만6천41주)다.회사 측은 제3자배정의 목적에 관해 '회사 경영상 목적 달성 및 필요자금(운영자금) 조달'이라고 밝혔다.[연합뉴스]Copyrights ⓒ 연합뉴스. 무단 전재 및 재배포금지

window.jQuery || document.write(""<script src='//common.mk.co.kr/common/include/mklib/jquery.js'>"")

"
2021-10-22,"[레이더M] 헬스케어 스타트업 스카이랩스, 코스닥 상장 착수","


[본 기사는 10월 22일(16:30) '레이더M'에 보도 된 기사입니다]국내에서 처음으로 심장 모니터링 웨어러블 기기를 만든 '스카이랩스'가 기업공개(IPO)를 추진한다. 재무적투자자(FI)들에게 자금 회수 기회를 주고 연구개발(R&D;) 자금을 마련하기 위한 차원이다.22일 투자은행(IB) 업계에 따르면 스카이랩스는 최근 상장 대표 주관사로 미래에셋증권을 선정했다. 오는 2023년 코스닥에 입성하는 것을 목표로 하고 있다. 스카이랩스는 기술특례 방식으로 코스닥 상장을 준비할 방침이다. 기술특례 상장이란 탁월한 기술력을 갖췄으나 외형 상 실적이 부족한 기업들의 증시 입성을 돕는 제도다. 한국거래소가 지정한 두 곳의 평가기관으로부터 각각 'A', 'BBB' 등급 이상을 받아야 상장 예비심사를 청구할 수 있다.  googletag.display(""google_dfp_MC_2x1,fluid"");지난 2015년 설립된 스카이랩스는 국내 최초로 심장 모니터링 웨어러블 기기 '카트원’을 만들었다. 카트원은 심방세동 환자들이 병원 바깥에서 상태를 추적관찰할 수 있도록 만든 플랫폼이다. 무게 10그람(g)에 불과한 반지 형태며 애플리케이션은 사용자용과 의사용이 따로 있다. 카트원은 손가락 내 혈류를 관측해 불규칙한 맥파를 측정한다. 이 데이터는 클라우드에 전송된 뒤 인공지능(AI) 분석을 거쳐 심방세동을 탐지·분석한다. 이후 분석 결과는 사용자 앱과 의사전용 앱으로 각각 전송된다. 카트원은 심전도와 심방세동을 365일 24시간동안 모니터링할 수 있다. 병원 진료에서 몇 시간 남짓에 불과했던 검사 기간을 대폭 늘린 것이다. 한 번 충전하면 48시간 연속으로 사용 가능해, 심혈관 질환 환자 입장에서 추적·관찰이 대폭 용이해 진다. 산소량과 수면 무호흡 여부도 측정할 수 있다.스카이랩스는 지난해 말 종근당과 판권 계약을 체결하고 올들어 소비자 판매를 시작했다. 유럽 의료기기 품목 허가를 이미 획득한 터라, 조만간 현지 유통 업체와 계약도 성사될 가능성이 높다. 연내로 미국 식품의약국(FDA) 인증도 추진할 방침이다.googletag.display(""google_dfp_MC_250x250""); 앞서 스카이랩스는 두 차례에 걸쳐 벤처캐피털들로 부터 투자를 유치했다. 지난 5월 에이티넘인베스트먼트와 모루자산운용, 수인베스트먼트캐피탈 등으로부터 225억원 규모의 시리즈B 투자를 받았다. 시리즈A에 참여한 곳들은 한국투자파트너스와 KB인베스트먼트, LB인베스트먼트 등이었다. 시리즈B 투자에 참여한 김진용 KB인베스트먼트 이사는 ＂카트원은 단순 심박 수 및 심박 변이도 뿐 아니라 심장 리듬을 정교하게 분석하는 것이 가능하다＂며 ＂또 산소포화도, 혈압 등 중요한 생체 징후를 연속적으로 모니터링 가능한 진보된 형태의 의료기기＂라고 평가했다. [강우석 기자][ⓒ 매일경제 & mk.co.kr, 무단전재 및 재배포 금지]
        
					
window.jQuery || document.write(""<script src='//common.mk.co.kr/common/include/mklib/jquery.js'>"")

"
2021-10-22,"하나금융, KB 이어 3분기 누적 순익 '역대 최대' 2.6조…27.4%↑(종합)","



하나금융그룹
▶ 여기를 누르시면 크게 보실 수 있습니다
       하나금융그룹이 KB금융그룹에 이어 올해 3분기에 역대 최대 수준의 누적 순이익을 거뒀다. 하나금융그룹은 지난 3분기(7∼9월) 9천287억원의 당기순이익(지배기업 지분 순이익 기준)을 거뒀다고 22일 공시했다. 작년 동기 대비 22.5%(1천703억원), 전분기 대비 1.3%(116억) 증가한 수준이다.1∼3분기 연결 당기순이익은 2조6천815억원으로, 역대 최대를 나타냈다. 이는 전년 동기 대비 27.4%(5천771억원) 증가한 실적이다.googletag.display(""google_dfp_MC_2x1,fluid"");하나금융은 ""사업 포트폴리오 다각화에 따른 비은행 부문의 지속적인 성장과 안정적인 비용 관리에 힘입은 결과""라고 설명했다.비은행 부문의 실적 기여도는 36.0%로, 전년 동기 대비 4.7%p 증가했다.비은행 관계사인 하나금융투자는 자산관리수수료 등이 증대하면서 3분기 누적 4천95억원의 당기순이익을 거뒀다. 전년 동기 대비 43.0%(1천232억원) 증가했다.하나카드는 73.9%(846억원) 증가한 1천990억원, 하나캐피탈은 51.9%(660억원) 증가한 1천931억원을 기록했다. 이 외에 하나생명, 하나자산신탁은 각각 228억원, 692억원의 3분기 누적 당기순이익을 거뒀다.그룹의 핵심이익은 기업을 중심으로 한 대출자산 증대와 수수료 수익 다변화로 성장세를 나타냈다.이자이익(4조9천941억원)과 수수료이익(1조8천798억원)을 합한 3분기 누적 핵심이익은 1년 전보다 14.2%(8천546억원) 증가한 6조8천739억원이다. 그룹의 3분기 순이자마진(NIM)은 1.64%다.



하나은행
▶ 여기를 누르시면 크게 보실 수 있습니다
    하나은행의 1∼3분기 누적 연결 당기순이익은 1조9천470억원이다. 이 역시 역대 최대 수준이다. 3분기 연결 당기순이익은 6천940억원으로, 전년 동기 대비 17.7%(2천926억원) 증가했다. 신종 코로나바이러스 감염증(코로나19) 등으로 인한 대내외 불확실성에도 자산 건전성 지표는 안정세를 보이고 있다.3분기 말 그룹의 고정이하여신(NPL) 비율은 0.33%로 전 분기말 대비 3bp(1bp=0.01%포인트) 개선됐고, NPL 커버리지비율은 전 분기 대비 5.5%p 증가한 156.8%를 기록했다. 연체율은 0.28%로 전 분기와 동일한 수준을 보였다.주요 경영지표인 자기자본이익률(ROE)은 11.23%, 총자산이익률(ROA)은 0.76%다.그룹의 국제결제은행(BIS) 비율 추정치는 전분기보다 4bp 증가한 16.58%, 보통주자본비율 추정치는 14.06%를 기록했다. KB금융그룹은 올해 3분기 1조2천979억원을 포함해 누적 3조7천722억원의 당기순이익을 거뒀다고 전날 발표했다. 3분기와 누적 기준으로 각각 역대 최대 규모다. 은행주가 금리 상승기의 수혜주로 꼽히고 있어 다음주 공시를 앞둔 우리금융과 신한금융의 실적도 주목되고 있다.googletag.display(""google_dfp_MC_250x250""); 증권가에서는 금리 상승 등으로 금융지주들의 호실적을 기대하고 있다. [연합뉴스]Copyrights ⓒ 연합뉴스. 무단 전재 및 재배포금지

window.jQuery || document.write(""<script src='//common.mk.co.kr/common/include/mklib/jquery.js'>"")

"
2021-10-22,"HMM, 영구 전환사채 6천억원 조기상환","



HMM 임시선박
▶ 여기를 누르시면 크게 보실 수 있습니다
   HMM[011200]은 4년 전 발행한 6천억원 규모의 영구 전환사채(CB)를 조기 상환한다고 22일 공시했다.상환은 오는 12월 9일에 이뤄질 예정이다.해당 영구채는 2017년 3월 한국해양진흥공사를 상대로 발행됐으며 만기는 30년이다.googletag.display(""google_dfp_MC_2x1,fluid"");HMM이 조기상환 청구권을 행사했지만 상환 예정일 이전에 한국해양진흥공사가 전환청구권을 행사하면 HMM 신주로 전환될 수 있다.googletag.display(""google_dfp_MC_250x250""); HMM은 최근 주가 하락과 공매도 증가로 주주들의 불안이 커지자 지난 13일 배재훈 사장 명의의 '주주님께 드리는 글'을 통해 배당과 영구 전환사채 조기 상환 등을 약속하며 주주 달래기에 나선 바 있다.[연합뉴스]Copyrights ⓒ 연합뉴스. 무단 전재 및 재배포금지

window.jQuery || document.write(""<script src='//common.mk.co.kr/common/include/mklib/jquery.js'>"")

"
